{"type":"FeatureCollection","features":[{"type":"Feature","properties":{"kind":"ferry","name":"BC Ferries · Departure Bay → Horseshoe Bay","mode":"ferry"},"geometry":{"type":"LineString","coordinates":[[-123.9537888,49.1912971],[-123.2758982,49.3685581]]}},{"type":"Feature","properties":{"kind":"drive","name":"Outbound · Nanaimo corridor → Amherst NS (≤5 h/day)","mode":"driving","distanceMeters":5973682,"durationSeconds":290040,"waypoints":["horseshoe_bay","kamloops","golden","canmore","banff","calgary","medicine_hat","swift_current","regina","brandon","winnipeg","kenora","ignace","thunder_bay","marathon","wawa","sault","sudbury","north_bay","ottawa","montreal","quebec","edmundston","fredericton","fundy","amherst"]},"geometry":{"type":"LineString","coordinates":[[-123.275899,49.368558],[-123.271758,49.374532],[-123.276459,49.367983],[-123.275307,49.361698],[-123.271105,49.36083],[-123.262572,49.361936],[-123.256452,49.360347],[-123.253764,49.358204],[-123.253182,49.352345],[-123.241288,49.349059],[-123.231759,49.348826],[-123.212282,49.346028],[-123.191629,49.347214],[-123.184491,49.34462],[-123.156521,49.343121],[-123.14627,49.338614],[-123.128893,49.337205],[-123.119938,49.332545],[-123.057341,49.33136],[-123.051688,49.327328],[-123.045266,49.32481],[-123.037588,49.31551],[-123.028115,49.311237],[-123.026277,49.291618],[-123.03195,49.285625],[-123.031579,49.276076],[-123.02568,49.262888],[-123.018653,49.25774],[-122.981917,49.257148],[-122.978289,49.255156],[-122.966818,49.243074],[-122.945678,49.23727],[-122.927212,49.236684],[-122.910292,49.245042],[-122.903764,49.246018],[-122.895917,49.243858],[-122.878193,49.234374],[-122.820444,49.227036],[-122.814962,49.22346],[-122.809761,49.212074],[-122.794037,49.197639],[-122.789449,49.195026],[-122.617382,49.150156],[-122.376911,49.055827],[-122.335259,49.036723],[-122.28063,49.033399],[-122.24167,49.033252],[-122.230118,49.034777],[-122.173247,49.059734],[-122.125837,49.088526],[-122.100674,49.120661],[-122.086162,49.126495],[-122.071427,49.136548],[-122.018802,49.144412],[-121.966929,49.143685],[-121.919385,49.155127],[-121.826505,49.154722],[-121.8211,49.15545],[-121.809543,49.16041],[-121.801354,49.159912],[-121.797977,49.160734],[-121.772427,49.176326],[-121.743989,49.188234],[-121.718822,49.203755],[-121.710682,49.206888],[-121.703827,49.212847],[-121.692995,49.216638],[-121.68305,49.228973],[-121.68086,49.237319],[-121.677706,49.241841],[-121.678758,49.253863],[-121.675521,49.261623],[-121.675772,49.270085],[-121.671521,49.276163],[-121.668091,49.289516],[-121.658658,49.293839],[-121.652498,49.299002],[-121.644655,49.302151],[-121.635715,49.309304],[-121.6299,49.316139],[-121.613919,49.328782],[-121.57716,49.356134],[-121.566616,49.361176],[-121.546281,49.364058],[-121.524999,49.364872],[-121.512325,49.361166],[-121.486974,49.36426],[-121.457577,49.365649],[-121.445861,49.372084],[-121.43889,49.373297],[-121.424149,49.371065],[-121.413563,49.371973],[-121.396274,49.36679],[-121.360966,49.361709],[-121.357368,49.362824],[-121.355577,49.365292],[-121.356789,49.368293],[-121.364135,49.373027],[-121.364177,49.375571],[-121.361537,49.377829],[-121.353451,49.378707],[-121.34675,49.377347],[-121.32033,49.37975],[-121.318723,49.382413],[-121.31952,49.395242],[-121.315613,49.402147],[-121.317579,49.409179],[-121.317178,49.416025],[-121.311743,49.423334],[-121.307659,49.435042],[-121.300284,49.439305],[-121.280179,49.442079],[-121.261019,49.453388],[-121.254486,49.462847],[-121.252858,49.480202],[-121.248732,49.489117],[-121.244223,49.493318],[-121.22593,49.495569],[-121.21084,49.494406],[-121.205622,49.496343],[-121.201912,49.499976],[-121.19883,49.508142],[-121.207104,49.521312],[-121.204671,49.531733],[-121.196795,49.542388],[-121.190431,49.556408],[-121.183401,49.565989],[-121.18159,49.574278],[-121.165541,49.587242],[-121.162025,49.59476],[-121.157548,49.59683],[-121.137506,49.599225],[-121.123525,49.595415],[-121.108218,49.595221],[-121.093799,49.591838],[-121.086434,49.592816],[-121.053064,49.610004],[-121.03735,49.622394],[-121.010576,49.633152],[-121.002701,49.640886],[-121.001702,49.643651],[-121.004128,49.652293],[-121.012866,49.66332],[-121.014739,49.674182],[-121.013162,49.69196],[-121.010944,49.696537],[-121.016461,49.708289],[-121.012083,49.7152],[-121.013507,49.720582],[-121.011535,49.752384],[-121.008991,49.756132],[-121.002846,49.759539],[-120.994856,49.767413],[-120.991143,49.77422],[-120.972688,49.787201],[-120.968077,49.795799],[-120.955971,49.80263],[-120.948704,49.809372],[-120.939138,49.821378],[-120.938187,49.826845],[-120.933642,49.831594],[-120.932995,49.837228],[-120.928266,49.845194],[-120.916698,49.854124],[-120.916203,49.857533],[-120.919101,49.865345],[-120.916063,49.873338],[-120.899814,49.885123],[-120.903938,49.902894],[-120.903393,49.910784],[-120.910004,49.915724],[-120.911249,49.919101],[-120.911378,49.924696],[-120.905142,49.940041],[-120.904702,49.946092],[-120.907119,49.952572],[-120.914745,49.963005],[-120.914418,49.968448],[-120.902937,49.980728],[-120.894596,49.986046],[-120.891494,49.991981],[-120.871996,50.006447],[-120.867825,50.012197],[-120.857703,50.015648],[-120.843519,50.01772],[-120.824869,50.017159],[-120.820115,50.020362],[-120.818479,50.030325],[-120.808326,50.038559],[-120.80649,50.044399],[-120.797358,50.052502],[-120.788834,50.068846],[-120.783399,50.072396],[-120.755275,50.082794],[-120.7497,50.087334],[-120.749023,50.100919],[-120.760481,50.115107],[-120.75967,50.120927],[-120.743047,50.129171],[-120.739082,50.136027],[-120.722934,50.146916],[-120.712402,50.160518],[-120.704226,50.16842],[-120.697875,50.171238],[-120.690981,50.178802],[-120.681577,50.183715],[-120.676593,50.193472],[-120.663681,50.197783],[-120.653086,50.20472],[-120.647308,50.211466],[-120.644072,50.221736],[-120.633002,50.228254],[-120.629538,50.231996],[-120.630477,50.24314],[-120.62917,50.252117],[-120.630695,50.259721],[-120.62573,50.269023],[-120.632988,50.278706],[-120.636021,50.297549],[-120.641616,50.307721],[-120.626492,50.350257],[-120.62732,50.368007],[-120.624895,50.378438],[-120.622625,50.409509],[-120.618831,50.420311],[-120.613364,50.427087],[-120.593929,50.444197],[-120.591738,50.44868],[-120.591051,50.459573],[-120.587498,50.464659],[-120.558817,50.484088],[-120.516322,50.489758],[-120.500867,50.494552],[-120.489334,50.508257],[-120.478278,50.531951],[-120.474696,50.534906],[-120.460029,50.542041],[-120.450049,50.553279],[-120.44889,50.558372],[-120.451122,50.566157],[-120.459384,50.572321],[-120.463695,50.578986],[-120.476935,50.591836],[-120.477389,50.595812],[-120.471818,50.620119],[-120.474049,50.624671],[-120.481867,50.631963],[-120.486039,50.642849],[-120.486147,50.647825],[-120.483306,50.6524],[-120.462489,50.662654],[-120.450625,50.666504],[-120.42065,50.665843],[-120.395212,50.65992],[-120.389146,50.656019],[-120.374759,50.652574],[-120.364081,50.654853],[-120.360687,50.658971],[-120.354761,50.661564],[-120.35432,50.671269],[-120.349839,50.673792],[-120.341021,50.67142],[-120.316619,50.671359],[-120.314754,50.676066],[-120.311626,50.675141],[-120.314754,50.676066],[-120.316372,50.674322],[-120.312667,50.67316],[-120.294444,50.672314],[-120.287648,50.67754],[-120.269257,50.680482],[-120.221711,50.670926],[-120.213316,50.67172],[-120.20053,50.669145],[-120.177368,50.669608],[-120.153406,50.667448],[-120.129972,50.662657],[-120.119754,50.659249],[-120.10619,50.659398],[-120.066083,50.653345],[-120.057165,50.654112],[-120.028996,50.653141],[-120.008055,50.650147],[-119.99767,50.647137],[-119.985841,50.647308],[-119.962544,50.650535],[-119.918246,50.644331],[-119.906228,50.645311],[-119.879862,50.653439],[-119.85433,50.668755],[-119.83505,50.67442],[-119.818064,50.684425],[-119.811494,50.692438],[-119.794963,50.702536],[-119.788507,50.711795],[-119.767265,50.72529],[-119.762609,50.736783],[-119.757223,50.74102],[-119.750402,50.753558],[-119.74186,50.762944],[-119.727702,50.768809],[-119.716071,50.778436],[-119.710429,50.786177],[-119.702762,50.791437],[-119.699046,50.805837],[-119.670486,50.826558],[-119.647912,50.831285],[-119.605185,50.853548],[-119.596295,50.863282],[-119.576644,50.872075],[-119.571458,50.872855],[-119.566547,50.877181],[-119.55855,50.880518],[-119.542501,50.884693],[-119.534775,50.888288],[-119.532162,50.892109],[-119.519692,50.892727],[-119.511588,50.889806],[-119.502118,50.883511],[-119.471375,50.876916],[-119.43418,50.877027],[-119.407024,50.879498],[-119.394835,50.878716],[-119.387264,50.87396],[-119.384739,50.870301],[-119.373071,50.862149],[-119.36723,50.856064],[-119.346224,50.850266],[-119.329843,50.843252],[-119.320184,50.827143],[-119.320053,50.809608],[-119.325188,50.802588],[-119.329261,50.787504],[-119.339632,50.777879],[-119.340562,50.774159],[-119.337476,50.766225],[-119.32537,50.757359],[-119.32545,50.750488],[-119.323116,50.746851],[-119.322554,50.740838],[-119.315639,50.730079],[-119.318607,50.714549],[-119.330106,50.702812],[-119.33144,50.698162],[-119.329851,50.694913],[-119.325832,50.692875],[-119.30985,50.692676],[-119.292484,50.699438],[-119.285132,50.69976],[-119.278228,50.702166],[-119.270146,50.702504],[-119.264152,50.706954],[-119.236459,50.707188],[-119.231534,50.708888],[-119.227268,50.71344],[-119.22634,50.747049],[-119.213456,50.755021],[-119.202068,50.764846],[-119.182085,50.773121],[-119.165161,50.784428],[-119.144334,50.789377],[-119.133601,50.790031],[-119.129444,50.794105],[-119.126101,50.794893],[-119.114742,50.790801],[-119.086052,50.788755],[-119.079947,50.78946],[-119.073749,50.79269],[-119.070649,50.797625],[-119.061595,50.805307],[-119.055978,50.80665],[-119.032595,50.822998],[-119.017406,50.830049],[-119.007947,50.831034],[-118.984536,50.839654],[-118.975116,50.837836],[-118.964868,50.838804],[-118.949097,50.848814],[-118.942741,50.856012],[-118.929016,50.864597],[-118.923294,50.874584],[-118.912349,50.882372],[-118.866945,50.891792],[-118.852999,50.888467],[-118.840724,50.888687],[-118.833825,50.890498],[-118.817244,50.901274],[-118.795753,50.923061],[-118.793016,50.930654],[-118.775284,50.946513],[-118.734864,50.964689],[-118.718521,50.983353],[-118.68935,50.997905],[-118.67805,51.00177],[-118.667239,51.003425],[-118.652648,51.00094],[-118.62656,50.984359],[-118.6161,50.981526],[-118.603614,50.97415],[-118.59018,50.971205],[-118.571937,50.969815],[-118.562822,50.97376],[-118.553142,50.97581],[-118.546775,50.974933],[-118.530232,50.977322],[-118.524317,50.976052],[-118.518998,50.971869],[-118.50702,50.967916],[-118.498386,50.9591],[-118.492032,50.955573],[-118.489569,50.952676],[-118.483529,50.950459],[-118.481015,50.946057],[-118.484477,50.935401],[-118.481671,50.931376],[-118.473052,50.927695],[-118.460331,50.928861],[-118.431364,50.937277],[-118.424479,50.943595],[-118.407106,50.95068],[-118.400341,50.957193],[-118.385186,50.962542],[-118.373597,50.962882],[-118.361233,50.966791],[-118.354522,50.970786],[-118.334138,50.971959],[-118.328931,50.973423],[-118.320657,50.978044],[-118.313365,50.979921],[-118.303997,50.979937],[-118.292723,50.985733],[-118.272749,50.991233],[-118.259483,50.991831],[-118.24597,50.993939],[-118.238979,50.999747],[-118.232263,51.002554],[-118.224155,51.003686],[-118.213727,51.010291],[-118.209306,51.010308],[-118.204256,51.00713],[-118.198139,51.00623],[-118.188005,51.000049],[-118.169456,50.999769],[-118.1535,50.992621],[-118.141901,50.992025],[-118.134728,50.994009],[-118.129594,50.997681],[-118.121992,51.000336],[-118.112689,51.00678],[-118.100994,51.009078],[-118.08186,51.016848],[-117.991505,51.040823],[-117.966985,51.04213],[-117.937035,51.052783],[-117.931336,51.068989],[-117.926476,51.073033],[-117.928566,51.077832],[-117.92779,51.080619],[-117.897436,51.11319],[-117.88739,51.119399],[-117.88649,51.125363],[-117.883276,51.128115],[-117.882338,51.134796],[-117.880249,51.137102],[-117.869777,51.139069],[-117.858479,51.138932],[-117.839479,51.144885],[-117.834797,51.151814],[-117.820064,51.15421],[-117.813203,51.158091],[-117.801485,51.1612],[-117.785309,51.168122],[-117.750522,51.187735],[-117.743728,51.202729],[-117.735184,51.205727],[-117.72621,51.206418],[-117.719139,51.20938],[-117.701136,51.212362],[-117.688495,51.216462],[-117.670007,51.229299],[-117.66251,51.237054],[-117.647805,51.240901],[-117.636147,51.245955],[-117.629253,51.245482],[-117.616064,51.248162],[-117.610207,51.250722],[-117.597721,51.251872],[-117.581122,51.258403],[-117.564247,51.261754],[-117.551857,51.262274],[-117.53955,51.259287],[-117.511761,51.268041],[-117.503784,51.269382],[-117.5035,51.271106],[-117.507718,51.273635],[-117.513171,51.282131],[-117.513214,51.286784],[-117.519842,51.299063],[-117.520022,51.305421],[-117.51473,51.312213],[-117.511314,51.314206],[-117.490057,51.319791],[-117.466099,51.32432],[-117.446473,51.329796],[-117.434362,51.345098],[-117.439232,51.361851],[-117.452847,51.378917],[-117.448299,51.38684],[-117.460225,51.396836],[-117.471131,51.409078],[-117.475289,51.426085],[-117.47921,51.432956],[-117.476969,51.440193],[-117.482433,51.474436],[-117.473878,51.488688],[-117.461576,51.501772],[-117.449642,51.505366],[-117.444991,51.510254],[-117.440837,51.512038],[-117.436161,51.512062],[-117.424714,51.508893],[-117.39687,51.49287],[-117.369006,51.481512],[-117.361635,51.479835],[-117.353139,51.480299],[-117.295606,51.493921],[-117.259906,51.486594],[-117.22781,51.475291],[-117.223183,51.474887],[-117.219084,51.476595],[-117.21797,51.479573],[-117.228244,51.490029],[-117.226035,51.494851],[-117.222467,51.496163],[-117.207297,51.492651],[-117.186657,51.484507],[-117.18087,51.484257],[-117.17063,51.486427],[-117.162975,51.485563],[-117.127982,51.468171],[-117.096183,51.449002],[-117.092856,51.445787],[-117.06109,51.427619],[-117.028996,51.394018],[-117.020737,51.377689],[-117.020566,51.373468],[-117.015763,51.36601],[-117.001261,51.34974],[-116.990291,51.332556],[-116.975494,51.322036],[-116.972357,51.312774],[-116.966334,51.307271],[-116.971172,51.304698],[-116.972928,51.305084],[-116.97153,51.306288],[-116.964425,51.299662],[-116.972392,51.305967],[-116.971774,51.304595],[-116.965406,51.306416],[-116.964045,51.301542],[-116.961306,51.300271],[-116.948277,51.301966],[-116.928809,51.298696],[-116.912592,51.29828],[-116.903163,51.301292],[-116.896592,51.302076],[-116.890498,51.304674],[-116.874877,51.305805],[-116.86398,51.298975],[-116.842476,51.290752],[-116.82528,51.287424],[-116.811683,51.279096],[-116.805895,51.278506],[-116.793473,51.281829],[-116.784024,51.280944],[-116.766874,51.274465],[-116.753056,51.271692],[-116.729207,51.260925],[-116.702641,51.258449],[-116.688109,51.254642],[-116.678028,51.25],[-116.665857,51.246378],[-116.641469,51.232275],[-116.619383,51.222571],[-116.609579,51.222919],[-116.596537,51.218762],[-116.583654,51.216951],[-116.57961,51.217363],[-116.575138,51.219811],[-116.573112,51.223445],[-116.58063,51.237012],[-116.579836,51.244648],[-116.586592,51.250978],[-116.590302,51.262675],[-116.598194,51.270238],[-116.596979,51.272441],[-116.582789,51.281942],[-116.582487,51.291415],[-116.579645,51.297792],[-116.580056,51.305753],[-116.574294,51.323626],[-116.570793,51.326012],[-116.558465,51.328596],[-116.55497,51.330499],[-116.532375,51.357232],[-116.520916,51.36804],[-116.513993,51.372405],[-116.511881,51.380031],[-116.503842,51.384326],[-116.494062,51.397288],[-116.480774,51.404407],[-116.446081,51.419087],[-116.430312,51.420454],[-116.413244,51.430582],[-116.393588,51.431915],[-116.384126,51.436465],[-116.360596,51.437034],[-116.353152,51.440676],[-116.339538,51.442874],[-116.329751,51.447065],[-116.308393,51.451953],[-116.281888,51.453659],[-116.269888,51.458193],[-116.263275,51.456811],[-116.248039,51.444826],[-116.237144,51.444423],[-116.225368,51.442155],[-116.202755,51.441975],[-116.197228,51.439514],[-116.191575,51.433647],[-116.175082,51.427979],[-116.169077,51.413024],[-116.155483,51.400483],[-116.137726,51.394578],[-116.108231,51.37164],[-116.100165,51.359767],[-116.08957,51.352851],[-116.074627,51.345898],[-116.056943,51.333555],[-116.051863,51.328101],[-116.028654,51.313199],[-116.023178,51.307767],[-115.99695,51.288718],[-115.990664,51.286111],[-115.977121,51.283009],[-115.94666,51.26823],[-115.893153,51.254503],[-115.882935,51.247399],[-115.858534,51.240681],[-115.843289,51.23267],[-115.827085,51.226361],[-115.797049,51.218759],[-115.751279,51.186733],[-115.729723,51.167967],[-115.719692,51.16224],[-115.70163,51.158357],[-115.686471,51.156842],[-115.681776,51.157324],[-115.644562,51.175176],[-115.609974,51.180125],[-115.57148,51.191551],[-115.550569,51.196236],[-115.538212,51.207791],[-115.531084,51.208906],[-115.518342,51.202476],[-115.506557,51.200719],[-115.498428,51.198002],[-115.484284,51.182361],[-115.472472,51.175504],[-115.466985,51.170024],[-115.454695,51.167345],[-115.443178,51.162649],[-115.431209,51.151007],[-115.411221,51.137878],[-115.405139,51.13213],[-115.387492,51.124895],[-115.365413,51.107121],[-115.363537,51.104477],[-115.36478,51.103645],[-115.357518,51.097043],[-115.35499,51.097163],[-115.357518,51.097043],[-115.369738,51.107607],[-115.367145,51.110914],[-115.368576,51.11028],[-115.387909,51.125377],[-115.403432,51.131611],[-115.409703,51.137771],[-115.43033,51.151288],[-115.442518,51.162989],[-115.453257,51.167409],[-115.466299,51.169887],[-115.471788,51.17536],[-115.484024,51.182525],[-115.499651,51.199055],[-115.517848,51.202564],[-115.530376,51.208917],[-115.537447,51.20935],[-115.537578,51.19966],[-115.539563,51.196258],[-115.554045,51.186428],[-115.568373,51.181305],[-115.570959,51.176611],[-115.569306,51.176552],[-115.565868,51.182123],[-115.554674,51.18602],[-115.539647,51.196021],[-115.537447,51.199602],[-115.537277,51.20644],[-115.53484,51.208784],[-115.52958,51.208486],[-115.517689,51.202274],[-115.499886,51.198816],[-115.484284,51.182361],[-115.472472,51.175504],[-115.466985,51.170024],[-115.454695,51.167345],[-115.444156,51.163234],[-115.431209,51.151007],[-115.411221,51.137878],[-115.405139,51.13213],[-115.388619,51.125566],[-115.381114,51.120076],[-115.34167,51.087678],[-115.317869,51.057335],[-115.283624,51.042099],[-115.270614,51.03849],[-115.237897,51.040573],[-115.215586,51.050588],[-115.19872,51.054845],[-115.193034,51.053901],[-115.188548,51.04994],[-115.182665,51.047465],[-115.162083,51.049684],[-115.143168,51.05479],[-115.135882,51.061398],[-115.118315,51.069641],[-115.092429,51.066427],[-115.08603,51.066806],[-115.057726,51.077631],[-115.053569,51.088277],[-115.049724,51.091961],[-114.959718,51.127628],[-114.887,51.140547],[-114.863514,51.145795],[-114.817016,51.150003],[-114.784144,51.159877],[-114.763669,51.161961],[-114.755024,51.159993],[-114.734605,51.147166],[-114.648831,51.112897],[-114.574094,51.090729],[-114.565212,51.090707],[-114.550214,51.093042],[-114.532186,51.087513],[-114.457869,51.086399],[-114.437955,51.08843],[-114.230734,51.088327],[-114.206678,51.082518],[-114.192497,51.080909],[-114.183209,51.07163],[-114.165992,51.06205],[-114.164419,51.052532],[-114.141487,51.04522],[-114.135423,51.041519],[-114.11695,51.0417],[-114.103785,51.045862],[-114.058196,51.044466],[-114.057926,51.048251],[-114.052498,51.048639],[-114.049778,51.05033],[-114.036185,51.047762],[-114.015947,51.047938],[-114.006089,51.045237],[-113.999894,51.045196],[-113.9815,51.052284],[-113.981332,51.064969],[-113.978523,51.066582],[-113.82274,51.066368],[-113.817513,51.064602],[-113.813496,51.060942],[-113.812356,51.049111],[-113.807338,51.041632],[-113.803663,51.039013],[-113.797592,51.037608],[-113.0927,51.037606],[-113.079635,51.035802],[-113.075736,51.03345],[-113.074591,51.030003],[-113.074485,50.911035],[-113.072224,50.907498],[-113.02311,50.865011],[-113.014757,50.863474],[-112.857577,50.863303],[-112.851097,50.861048],[-112.81495,50.835835],[-112.808824,50.834129],[-112.481115,50.833786],[-112.472033,50.832167],[-112.45275,50.818667],[-112.451,50.797698],[-112.443241,50.78645],[-112.434547,50.782898],[-112.417374,50.782427],[-112.411046,50.780597],[-112.407668,50.777562],[-112.401415,50.765006],[-112.348733,50.733183],[-112.344299,50.732253],[-112.3048,50.73145],[-112.188944,50.687799],[-112.08775,50.655517],[-111.979033,50.634279],[-111.785036,50.530539],[-111.705486,50.505055],[-111.617119,50.474839],[-111.182636,50.222905],[-111.071917,50.189667],[-110.985733,50.166983],[-110.956623,50.157959],[-110.778042,50.080938],[-110.745617,50.065833],[-110.742061,50.056693],[-110.72075,50.045159],[-110.705078,50.030468],[-110.704282,50.028697],[-110.707392,50.026238],[-110.707307,50.02242],[-110.707312,50.02346],[-110.697757,50.023455],[-110.684242,50.012806],[-110.665713,50.004935],[-110.654872,50.002906],[-110.639894,49.998104],[-110.609979,49.976871],[-110.601343,49.969133],[-110.595102,49.967108],[-110.55998,49.974567],[-110.518221,49.974709],[-110.445873,49.982519],[-110.421986,49.982707],[-110.386177,49.974756],[-110.339627,49.95558],[-110.296289,49.95734],[-110.22922,49.949997],[-110.162824,49.937317],[-110.122277,49.940456],[-110.055479,49.939075],[-110.014294,49.95095],[-109.99569,49.959172],[-109.98995,49.960359],[-109.941279,49.960391],[-109.895901,49.958971],[-109.858554,49.964369],[-109.822206,49.960934],[-109.71333,49.96101],[-109.664965,49.975095],[-109.54169,49.974992],[-109.496151,49.982293],[-109.345213,49.982008],[-109.211047,50.003816],[-109.125337,50.004307],[-109.076185,50.015889],[-109.046659,50.027215],[-109.026929,50.030585],[-108.967588,50.047061],[-108.916421,50.048092],[-108.88269,50.057213],[-108.866299,50.066545],[-108.858722,50.069156],[-108.816203,50.067131],[-108.787353,50.069906],[-108.583227,50.070223],[-108.558615,50.078018],[-108.543723,50.084765],[-108.503812,50.095131],[-108.482452,50.102007],[-108.461756,50.117488],[-108.427252,50.133982],[-108.410016,50.138505],[-108.345579,50.144103],[-108.283137,50.15722],[-108.255714,50.168959],[-108.20943,50.194722],[-108.162802,50.212549],[-108.00599,50.259996],[-107.955778,50.285012],[-107.938874,50.289906],[-107.930783,50.291159],[-107.900586,50.29167],[-107.873036,50.286458],[-107.817809,50.28729],[-107.807106,50.293873],[-107.799917,50.295297],[-107.798107,50.298068],[-107.787849,50.301426],[-107.785552,50.303432],[-107.781317,50.303933],[-107.775336,50.307011],[-107.773887,50.305312],[-107.72493,50.323142],[-107.713826,50.324687],[-107.683792,50.338866],[-107.645097,50.349902],[-107.615616,50.354537],[-107.59354,50.356373],[-107.581212,50.360421],[-107.501482,50.376738],[-107.47548,50.385867],[-107.469006,50.387041],[-107.436466,50.389832],[-107.29787,50.390147],[-107.243701,50.417493],[-107.219254,50.421371],[-107.203639,50.425436],[-107.142592,50.426283],[-107.116585,50.42452],[-107.104805,50.422715],[-107.072232,50.411394],[-107.039942,50.408998],[-107.020863,50.411941],[-106.959,50.412023],[-106.950932,50.414403],[-106.911042,50.437041],[-106.904026,50.439829],[-106.848043,50.440635],[-106.787957,50.457824],[-106.727932,50.462777],[-106.720713,50.462509],[-106.673656,50.45378],[-106.651426,50.456908],[-106.626296,50.46317],[-106.579242,50.466292],[-106.557499,50.466507],[-106.513947,50.465596],[-106.491497,50.462515],[-106.332071,50.463424],[-106.274221,50.455597],[-106.248301,50.455747],[-106.229268,50.457127],[-106.215385,50.455788],[-106.174252,50.455848],[-106.13865,50.462934],[-106.021258,50.463047],[-105.890915,50.483353],[-105.861175,50.476424],[-105.820307,50.454771],[-105.73042,50.426283],[-105.545209,50.425477],[-105.513654,50.418313],[-105.491801,50.398037],[-105.464902,50.392712],[-105.439141,50.39659],[-105.189726,50.396597],[-105.170011,50.391186],[-105.152244,50.392977],[-105.135666,50.396602],[-104.655577,50.396642],[-104.643862,50.394667],[-104.643978,50.401939],[-104.649176,50.40238],[-104.648235,50.40409],[-104.650034,50.404081],[-104.650044,50.405386],[-104.644097,50.405383],[-104.643879,50.395767],[-104.645643,50.394912],[-104.645274,50.39657],[-104.605161,50.396674],[-104.599453,50.39824],[-104.57978,50.41724],[-104.562895,50.437617],[-104.561734,50.440956],[-104.562915,50.44491],[-104.561016,50.44687],[-104.344739,50.447601],[-104.338903,50.449159],[-104.265491,50.485847],[-104.244077,50.493776],[-104.136811,50.508371],[-104.111579,50.512911],[-104.06381,50.514077],[-104.040615,50.519414],[-103.956656,50.523027],[-103.930681,50.527102],[-103.711434,50.527454],[-103.691455,50.524431],[-103.641375,50.52531],[-103.571284,50.517789],[-103.50465,50.493373],[-103.45472,50.477229],[-103.293361,50.428058],[-103.289082,50.425625],[-103.279211,50.414575],[-103.27222,50.411795],[-102.959194,50.411635],[-102.931357,50.403729],[-102.860708,50.403656],[-102.684962,50.381485],[-102.633123,50.3802],[-102.617758,50.377929],[-102.611325,50.378959],[-102.596561,50.384179],[-102.588708,50.384616],[-102.566076,50.379033],[-102.474521,50.371764],[-102.448117,50.36825],[-102.417111,50.367648],[-102.396014,50.361235],[-102.3407,50.353712],[-102.287915,50.338306],[-102.250528,50.335849],[-102.234772,50.32687],[-102.228884,50.324829],[-102.172948,50.314014],[-102.127784,50.311099],[-102.108528,50.303865],[-102.091405,50.301219],[-102.065395,50.293273],[-102.053654,50.287839],[-102.034563,50.283206],[-102.012848,50.274403],[-101.999287,50.270461],[-101.971392,50.268313],[-101.946595,50.257478],[-101.924485,50.253032],[-101.820673,50.218472],[-101.805438,50.212005],[-101.773659,50.205633],[-101.726967,50.179491],[-101.684717,50.158338],[-101.666414,50.15288],[-101.654205,50.146927],[-101.635561,50.129047],[-101.628968,50.125034],[-101.586377,50.110969],[-101.515407,50.077505],[-101.457587,50.061457],[-101.429175,50.051972],[-101.382113,50.032897],[-101.35961,50.029939],[-101.347098,50.019344],[-101.32667,50.012632],[-101.305007,50.007703],[-101.284283,49.998944],[-101.26075,49.986639],[-101.243265,49.984567],[-101.237251,49.982629],[-101.213274,49.960502],[-101.187768,49.946602],[-101.168006,49.945453],[-101.126554,49.937955],[-101.079346,49.918779],[-101.021398,49.897621],[-100.965977,49.871505],[-100.922311,49.857418],[-100.833292,49.799805],[-100.790781,49.7922],[-100.769855,49.782888],[-100.706173,49.768834],[-100.653647,49.768856],[-100.632578,49.774421],[-100.604533,49.768878],[-100.515462,49.768725],[-100.487718,49.771919],[-100.482644,49.773567],[-100.472946,49.781255],[-100.467973,49.78309],[-100.433392,49.783398],[-100.427861,49.784284],[-100.374717,49.812991],[-100.333827,49.829344],[-100.310818,49.829985],[-100.293712,49.835619],[-100.27845,49.836427],[-100.26323,49.841523],[-100.209344,49.841333],[-100.147991,49.842892],[-100.069207,49.884217],[-100.061874,49.886302],[-99.939612,49.886699],[-99.938999,49.863275],[-99.936329,49.859348],[-99.9416,49.85214],[-99.935807,49.859326],[-99.938723,49.863764],[-99.938269,49.886692],[-99.762716,49.886435],[-99.705837,49.900826],[-99.348389,49.901479],[-99.273471,49.901114],[-99.246727,49.899636],[-99.226266,49.901161],[-99.064069,49.90149],[-99.024461,49.91819],[-98.99377,49.944203],[-98.989336,49.946181],[-98.96461,49.948911],[-98.922832,49.959765],[-98.839599,49.959958],[-98.817983,49.961653],[-98.776779,49.973475],[-98.76742,49.97509],[-98.36862,49.97479],[-98.360425,49.971914],[-98.355036,49.964379],[-98.351252,49.961908],[-98.297923,49.945946],[-98.292767,49.946823],[-98.263647,49.957989],[-98.241238,49.960987],[-98.23077,49.971518],[-98.216299,49.974624],[-98.111902,49.971906],[-97.651781,49.886852],[-97.525493,49.886583],[-97.502409,49.887686],[-97.476118,49.882067],[-97.403554,49.875911],[-97.405254,49.866785],[-97.398303,49.863429],[-97.371488,49.862349],[-97.362425,49.860122],[-97.364579,49.858048],[-97.366383,49.837049],[-97.283661,49.840194],[-97.228932,49.845091],[-97.219519,49.84231],[-97.219336,49.839167],[-97.219013,49.842072],[-97.209173,49.841209],[-97.209275,49.829057],[-97.204647,49.825309],[-97.193127,49.810788],[-97.189586,49.809383],[-97.186161,49.80962],[-97.162854,49.817968],[-97.139427,49.822284],[-97.084948,49.840329],[-97.049522,49.840118],[-97.048955,49.855781],[-97.01239,49.855739],[-97.007048,49.853948],[-96.989421,49.842261],[-96.975063,49.836355],[-96.968296,49.835892],[-96.962596,49.83412],[-96.950599,49.828369],[-96.943383,49.823149],[-96.752813,49.743419],[-96.55817,49.665613],[-96.548934,49.662953],[-96.321754,49.662771],[-96.26489,49.655958],[-96.251249,49.655815],[-96.137276,49.655858],[-96.10737,49.662644],[-96.086725,49.662909],[-96.049584,49.656902],[-95.972674,49.648407],[-95.865087,49.64961],[-95.800766,49.648609],[-95.770612,49.646541],[-95.739299,49.646539],[-95.723807,49.648227],[-95.716357,49.646306],[-95.698065,49.634211],[-95.69004,49.627327],[-95.680605,49.622976],[-95.668732,49.6211],[-95.610073,49.630904],[-95.596699,49.634129],[-95.574805,49.634204],[-95.557043,49.632868],[-95.532736,49.634386],[-95.514266,49.632657],[-95.498069,49.635156],[-95.465068,49.635915],[-95.450544,49.64348],[-95.399836,49.659106],[-95.385742,49.669364],[-95.360032,49.682951],[-95.283213,49.703867],[-95.269052,49.70637],[-95.26539,49.708828],[-95.251166,49.728366],[-95.224878,49.736619],[-95.166986,49.737808],[-95.14664,49.739799],[-95.123821,49.740126],[-95.110222,49.742859],[-95.103572,49.743089],[-95.087304,49.739783],[-95.064515,49.732535],[-95.046602,49.72993],[-95.034278,49.729258],[-95.011458,49.73091],[-94.986124,49.727169],[-94.964878,49.72804],[-94.930577,49.721591],[-94.898384,49.720566],[-94.887818,49.72246],[-94.875653,49.717547],[-94.8491,49.711344],[-94.839375,49.711808],[-94.832379,49.71588],[-94.825507,49.717128],[-94.803388,49.713679],[-94.781782,49.716532],[-94.769613,49.715317],[-94.751249,49.71618],[-94.730239,49.71893],[-94.718123,49.717867],[-94.655167,49.739465],[-94.645765,49.746197],[-94.641594,49.744849],[-94.632553,49.746889],[-94.609054,49.747837],[-94.590239,49.751802],[-94.577843,49.756013],[-94.538037,49.758811],[-94.53045,49.76082],[-94.520476,49.765995],[-94.514456,49.767702],[-94.505886,49.765611],[-94.495798,49.770901],[-94.491006,49.770014],[-94.491312,49.766525],[-94.486458,49.765216],[-94.477567,49.765266],[-94.476337,49.760913],[-94.470977,49.759656],[-94.472123,49.757988],[-94.470964,49.759876],[-94.457694,49.759968],[-94.448453,49.751323],[-94.438656,49.747713],[-94.433043,49.747081],[-94.414108,49.751343],[-94.386402,49.747108],[-94.374461,49.746513],[-94.366991,49.743957],[-94.354676,49.744372],[-94.343201,49.739486],[-94.342084,49.736747],[-94.343492,49.731414],[-94.342022,49.728949],[-94.330794,49.725813],[-94.308285,49.728813],[-94.303573,49.732626],[-94.300948,49.733087],[-94.282846,49.732327],[-94.248379,49.726515],[-94.22981,49.732974],[-94.221662,49.749467],[-94.21812,49.75213],[-94.203642,49.754468],[-94.194013,49.754144],[-94.184166,49.756818],[-94.172507,49.762711],[-94.161995,49.760964],[-94.150935,49.763008],[-94.147024,49.761428],[-94.141879,49.756388],[-94.135154,49.756148],[-94.126286,49.760534],[-94.120431,49.767337],[-94.110879,49.767447],[-94.104276,49.770209],[-94.092088,49.770441],[-94.086413,49.772518],[-94.080021,49.778622],[-94.066321,49.784155],[-94.059241,49.789464],[-94.043625,49.793977],[-94.031293,49.804728],[-94.012744,49.808427],[-93.985671,49.826127],[-93.962365,49.828077],[-93.945576,49.835573],[-93.937312,49.836108],[-93.927817,49.838442],[-93.921182,49.843317],[-93.916418,49.844728],[-93.887087,49.841711],[-93.875608,49.845279],[-93.863839,49.845178],[-93.853405,49.849024],[-93.849018,49.849506],[-93.844286,49.847769],[-93.839523,49.841795],[-93.834206,49.839936],[-93.823814,49.841377],[-93.811226,49.838831],[-93.78247,49.838814],[-93.752737,49.833915],[-93.720698,49.835822],[-93.707869,49.833559],[-93.669745,49.838261],[-93.663796,49.837363],[-93.642902,49.830582],[-93.631107,49.828636],[-93.595808,49.828949],[-93.579673,49.834212],[-93.568852,49.835146],[-93.561704,49.833648],[-93.55103,49.827398],[-93.541621,49.825007],[-93.527244,49.815443],[-93.521631,49.814334],[-93.507459,49.818127],[-93.501268,49.824387],[-93.484576,49.827785],[-93.47296,49.834201],[-93.460059,49.838984],[-93.440634,49.840877],[-93.42726,49.852503],[-93.419239,49.856354],[-93.403061,49.859947],[-93.392202,49.860811],[-93.368338,49.854935],[-93.339909,49.84395],[-93.32355,49.839356],[-93.293107,49.825523],[-93.245746,49.811367],[-93.202914,49.814994],[-92.8524,49.815088],[-92.84938,49.814292],[-92.847416,49.812042],[-92.847225,49.78832],[-92.844917,49.786796],[-92.703367,49.784896],[-92.700145,49.783092],[-92.6867,49.767877],[-92.673118,49.761747],[-92.656307,49.759127],[-92.647838,49.753496],[-92.619489,49.739434],[-92.610926,49.73173],[-92.60258,49.720288],[-92.596262,49.717356],[-92.584864,49.706939],[-92.568928,49.69838],[-92.55129,49.693945],[-92.532191,49.692657],[-92.522914,49.690301],[-92.51163,49.689808],[-92.501796,49.691231],[-92.495252,49.688561],[-92.492745,49.685195],[-92.492236,49.670471],[-92.482553,49.662238],[-92.474642,49.652155],[-92.467817,49.647927],[-92.455711,49.64759],[-92.445266,49.643994],[-92.441958,49.641579],[-92.439824,49.629908],[-92.44445,49.617306],[-92.442733,49.611871],[-92.429607,49.606384],[-92.410483,49.59422],[-92.398399,49.593036],[-92.342951,49.583024],[-92.334083,49.583925],[-92.307229,49.582985],[-92.287981,49.587954],[-92.270332,49.58806],[-92.264076,49.584387],[-92.259517,49.574283],[-92.245444,49.566997],[-92.227972,49.564922],[-92.219364,49.559251],[-92.204355,49.555485],[-92.187818,49.548976],[-92.182423,49.545407],[-92.162114,49.539585],[-92.152487,49.53422],[-92.14715,49.533813],[-92.129041,49.53619],[-92.123087,49.535521],[-92.091501,49.522988],[-92.081258,49.521701],[-92.054532,49.505497],[-92.028313,49.498382],[-92.005257,49.488628],[-91.983846,49.485361],[-91.975132,49.485935],[-91.961054,49.484894],[-91.935621,49.471982],[-91.909595,49.465637],[-91.898189,49.463692],[-91.889765,49.4636],[-91.874057,49.459881],[-91.860447,49.458964],[-91.837267,49.454908],[-91.825525,49.457329],[-91.807057,49.45779],[-91.779811,49.453539],[-91.764119,49.453872],[-91.756719,49.451039],[-91.743787,49.435508],[-91.738314,49.433176],[-91.733064,49.433509],[-91.72128,49.437324],[-91.689758,49.433722],[-91.684555,49.430514],[-91.675997,49.418379],[-91.652455,49.415788],[-91.636762,49.406155],[-91.623747,49.402855],[-91.625717,49.40422],[-91.626981,49.404193],[-91.616718,49.400962],[-91.604051,49.393346],[-91.599423,49.388673],[-91.573027,49.372857],[-91.560169,49.369529],[-91.520023,49.351194],[-91.494777,49.345403],[-91.48147,49.34405],[-91.472435,49.339024],[-91.444639,49.331062],[-91.404726,49.324283],[-91.396951,49.319464],[-91.359669,49.307702],[-91.327613,49.304307],[-91.308224,49.295673],[-91.295662,49.286876],[-91.275833,49.279524],[-91.267086,49.270046],[-91.254216,49.266313],[-91.221617,49.262628],[-91.210984,49.259847],[-91.18828,49.257973],[-91.149907,49.263912],[-91.123654,49.255368],[-91.107013,49.251654],[-91.08451,49.241418],[-91.077114,49.241779],[-91.062711,49.249397],[-91.035119,49.246142],[-90.968881,49.233152],[-90.965934,49.230977],[-90.963941,49.225328],[-90.956906,49.222247],[-90.915059,49.227758],[-90.901691,49.227075],[-90.89273,49.222444],[-90.88814,49.218524],[-90.870154,49.193205],[-90.861317,49.187169],[-90.852095,49.18379],[-90.842712,49.177252],[-90.842454,49.162189],[-90.84047,49.15901],[-90.817047,49.150667],[-90.745202,49.133452],[-90.729175,49.127195],[-90.711389,49.11432],[-90.706506,49.097542],[-90.70016,49.090525],[-90.688712,49.081355],[-90.67985,49.063442],[-90.663395,49.056214],[-90.649862,49.048162],[-90.619137,49.046071],[-90.606105,49.048762],[-90.581832,49.051603],[-90.572946,49.050799],[-90.4736,49.050728],[-90.469667,49.048217],[-90.469171,49.043522],[-90.463194,49.032895],[-90.436465,49.016904],[-90.411978,49.005346],[-90.383746,48.989217],[-90.365746,48.983654],[-90.318345,48.965574],[-90.301476,48.960697],[-90.205183,48.948317],[-90.132186,48.93595],[-90.027534,48.902786],[-89.981936,48.875522],[-89.942285,48.843314],[-89.934696,48.832383],[-89.923845,48.824147],[-89.918073,48.815772],[-89.898272,48.80325],[-89.876974,48.768802],[-89.881191,48.740764],[-89.892447,48.694308],[-89.893137,48.641027],[-89.897995,48.621763],[-89.896614,48.598468],[-89.89452,48.595445],[-89.879707,48.590924],[-89.850799,48.586836],[-89.841409,48.586657],[-89.835437,48.584222],[-89.817326,48.581442],[-89.804942,48.575114],[-89.7881,48.573018],[-89.763012,48.564949],[-89.742091,48.556079],[-89.731183,48.555518],[-89.723031,48.55212],[-89.701295,48.54824],[-89.69251,48.542716],[-89.685727,48.542814],[-89.678425,48.54552],[-89.673285,48.545623],[-89.662183,48.540522],[-89.652602,48.538251],[-89.649638,48.534127],[-89.641889,48.534592],[-89.630238,48.53198],[-89.614991,48.532102],[-89.599972,48.537238],[-89.582911,48.532647],[-89.56914,48.535178],[-89.558658,48.535798],[-89.535883,48.526018],[-89.518866,48.524759],[-89.507474,48.519362],[-89.500523,48.513809],[-89.481387,48.513782],[-89.465723,48.508577],[-89.449219,48.50524],[-89.434818,48.497736],[-89.430315,48.496707],[-89.422664,48.497507],[-89.415272,48.49607],[-89.407171,48.496537],[-89.395755,48.493572],[-89.389175,48.490101],[-89.379558,48.491398],[-89.349953,48.488426],[-89.337988,48.488435],[-89.319517,48.479641],[-89.314712,48.475455],[-89.301753,48.471972],[-89.287336,48.465494],[-89.269923,48.460017],[-89.262995,48.455115],[-89.252536,48.451005],[-89.251665,48.449558],[-89.263822,48.443449],[-89.281067,48.428874],[-89.287976,48.405456],[-89.223455,48.40641],[-89.224487,48.386613],[-89.239647,48.379996],[-89.24002,48.373437],[-89.230473,48.373471],[-89.230468,48.375558],[-89.230473,48.373471],[-89.24002,48.373437],[-89.239647,48.379996],[-89.224487,48.386613],[-89.223455,48.40641],[-89.240743,48.406592],[-89.236902,48.415251],[-89.228774,48.427026],[-89.238345,48.429619],[-89.228035,48.446465],[-89.228018,48.452081],[-89.225489,48.453152],[-89.225304,48.461638],[-89.191942,48.481185],[-89.184944,48.483329],[-89.164917,48.484458],[-89.118503,48.505204],[-89.112527,48.505212],[-89.092374,48.501442],[-89.077944,48.503134],[-89.052191,48.504109],[-89.020351,48.517142],[-88.978471,48.526003],[-88.919365,48.544962],[-88.897401,48.554211],[-88.856084,48.56638],[-88.834704,48.569404],[-88.800712,48.583126],[-88.76412,48.620923],[-88.751959,48.629089],[-88.738024,48.641428],[-88.728243,48.645615],[-88.715169,48.646898],[-88.702684,48.650394],[-88.691195,48.649794],[-88.682185,48.65236],[-88.671498,48.656852],[-88.647046,48.670563],[-88.634629,48.684569],[-88.627515,48.706189],[-88.620931,48.716647],[-88.614561,48.720263],[-88.599654,48.723089],[-88.588031,48.732167],[-88.581061,48.739805],[-88.571607,48.761796],[-88.540802,48.794605],[-88.539427,48.810932],[-88.521782,48.83989],[-88.521153,48.849572],[-88.519347,48.852479],[-88.476279,48.879423],[-88.455348,48.880409],[-88.42933,48.884445],[-88.420612,48.890149],[-88.409321,48.895181],[-88.375084,48.905472],[-88.36808,48.915334],[-88.366715,48.941819],[-88.362753,48.945586],[-88.347601,48.952357],[-88.338329,48.960448],[-88.336138,48.966086],[-88.334217,48.989012],[-88.327497,48.998015],[-88.323168,49.008087],[-88.302817,49.021064],[-88.298077,49.02235],[-88.272652,49.018491],[-88.239716,49.020196],[-88.220722,49.017752],[-88.198437,49.012993],[-88.18099,49.014873],[-88.147568,49.005495],[-88.13628,49.005202],[-88.12954,49.002209],[-88.125567,49.002482],[-88.115374,49.007061],[-88.11021,49.007273],[-88.090322,49.001528],[-88.082009,49.003285],[-88.078973,49.005149],[-88.076571,49.009804],[-88.07506,49.019669],[-88.071571,49.022787],[-88.067306,49.023564],[-88.052649,49.021945],[-88.035167,49.021793],[-88.015475,49.008958],[-88.015946,49.006243],[-88.023274,48.99819],[-88.022669,48.990666],[-88.0207,48.987976],[-88.008514,48.980202],[-87.995925,48.975265],[-87.989686,48.969364],[-87.980063,48.967027],[-87.972615,48.959991],[-87.962945,48.957284],[-87.944306,48.946823],[-87.937761,48.94084],[-87.930494,48.937795],[-87.91463,48.935736],[-87.891151,48.942253],[-87.886838,48.942358],[-87.860716,48.932193],[-87.848285,48.930243],[-87.838358,48.921994],[-87.833062,48.920377],[-87.821841,48.920395],[-87.797273,48.927431],[-87.787255,48.928146],[-87.78161,48.926595],[-87.770232,48.92058],[-87.751547,48.918032],[-87.734286,48.910964],[-87.717218,48.907545],[-87.703551,48.903194],[-87.689481,48.904062],[-87.675139,48.901034],[-87.671146,48.902434],[-87.663607,48.908109],[-87.657554,48.908548],[-87.653697,48.906888],[-87.649204,48.902362],[-87.634493,48.899052],[-87.627773,48.89308],[-87.60569,48.886694],[-87.594752,48.879995],[-87.553317,48.882576],[-87.540087,48.879831],[-87.537701,48.87752],[-87.5369,48.871714],[-87.528594,48.866292],[-87.520548,48.858637],[-87.52322,48.847821],[-87.52075,48.842282],[-87.516931,48.839331],[-87.509328,48.836864],[-87.504392,48.836525],[-87.474943,48.840834],[-87.433934,48.839214],[-87.419363,48.840527],[-87.411153,48.8382],[-87.400739,48.840594],[-87.396838,48.838943],[-87.39164,48.82983],[-87.388341,48.827853],[-87.378362,48.82705],[-87.367274,48.82339],[-87.359558,48.824013],[-87.350661,48.82763],[-87.346747,48.828049],[-87.328626,48.82515],[-87.289962,48.816268],[-87.280985,48.818049],[-87.262207,48.811282],[-87.255458,48.798681],[-87.2322,48.801699],[-87.227711,48.799882],[-87.222772,48.794584],[-87.217645,48.792993],[-87.156977,48.789565],[-87.129221,48.785902],[-87.117256,48.786337],[-87.105076,48.782004],[-87.099903,48.78191],[-87.097061,48.783541],[-87.083204,48.800806],[-87.082552,48.81851],[-87.072083,48.832506],[-87.053355,48.840423],[-87.041486,48.841355],[-87.034564,48.848841],[-87.027549,48.851443],[-87.006175,48.849395],[-86.981297,48.85346],[-86.968985,48.857173],[-86.952902,48.853461],[-86.94462,48.847583],[-86.941721,48.841362],[-86.943341,48.833081],[-86.942414,48.815052],[-86.940646,48.810951],[-86.918118,48.784289],[-86.904314,48.776363],[-86.895531,48.774808],[-86.887023,48.776816],[-86.88138,48.776295],[-86.867493,48.777532],[-86.848309,48.783886],[-86.833807,48.784964],[-86.823719,48.793036],[-86.806479,48.793557],[-86.776057,48.803767],[-86.766846,48.804801],[-86.75764,48.799016],[-86.747355,48.799857],[-86.705964,48.817427],[-86.686632,48.817835],[-86.675801,48.815844],[-86.667352,48.812239],[-86.659426,48.806027],[-86.653779,48.803428],[-86.651259,48.797582],[-86.648355,48.796125],[-86.628758,48.802091],[-86.625244,48.802071],[-86.612581,48.78947],[-86.602763,48.787971],[-86.591328,48.781504],[-86.577718,48.779317],[-86.573104,48.775981],[-86.552651,48.770866],[-86.532623,48.762942],[-86.518785,48.767149],[-86.510736,48.773367],[-86.503978,48.787975],[-86.498572,48.794878],[-86.493859,48.795109],[-86.480014,48.789542],[-86.469813,48.791178],[-86.453138,48.795904],[-86.439383,48.797259],[-86.435132,48.795071],[-86.429906,48.786427],[-86.423282,48.781149],[-86.394553,48.772644],[-86.386234,48.772951],[-86.376625,48.769634],[-86.367049,48.76386],[-86.351792,48.758756],[-86.338716,48.748005],[-86.346433,48.744943],[-86.358969,48.735714],[-86.374885,48.731139],[-86.377491,48.72599],[-86.37511,48.726085],[-86.370601,48.722417],[-86.36636,48.722208],[-86.36492,48.717187],[-86.3627,48.715917],[-86.36492,48.717187],[-86.36636,48.722208],[-86.370601,48.722417],[-86.37511,48.726085],[-86.377491,48.72599],[-86.374885,48.731139],[-86.358969,48.735714],[-86.346433,48.744943],[-86.338629,48.747644],[-86.334908,48.743885],[-86.323916,48.714521],[-86.320718,48.71187],[-86.303353,48.7076],[-86.293721,48.708198],[-86.257137,48.705755],[-86.233578,48.696182],[-86.222731,48.690136],[-86.180916,48.681973],[-86.139263,48.681663],[-86.107793,48.68625],[-86.093625,48.684542],[-86.048703,48.689384],[-86.032295,48.693612],[-86.017375,48.69042],[-86.002257,48.692033],[-85.982857,48.689518],[-85.962959,48.691198],[-85.939441,48.691082],[-85.929664,48.692074],[-85.896381,48.691131],[-85.865653,48.702089],[-85.850983,48.705045],[-85.840675,48.709065],[-85.79138,48.716837],[-85.727618,48.712298],[-85.708509,48.719114],[-85.693567,48.720224],[-85.6818,48.716559],[-85.67032,48.71706],[-85.656687,48.72347],[-85.651726,48.724512],[-85.629135,48.723957],[-85.619766,48.714665],[-85.611426,48.713606],[-85.601214,48.710053],[-85.582177,48.71496],[-85.562089,48.711079],[-85.548152,48.702699],[-85.508825,48.692768],[-85.494448,48.686815],[-85.458342,48.661988],[-85.453389,48.655616],[-85.443498,48.651597],[-85.440535,48.644484],[-85.437071,48.642059],[-85.421347,48.639201],[-85.409478,48.634487],[-85.40127,48.633645],[-85.390249,48.630395],[-85.381623,48.631403],[-85.349536,48.631127],[-85.329405,48.615882],[-85.319558,48.598658],[-85.316909,48.596499],[-85.312738,48.595454],[-85.288388,48.597265],[-85.267392,48.590871],[-85.264665,48.588132],[-85.264071,48.574909],[-85.25343,48.56544],[-85.221062,48.559132],[-85.189758,48.543011],[-85.161714,48.532777],[-85.153217,48.523042],[-85.152191,48.515962],[-85.146234,48.508195],[-85.144303,48.4974],[-85.136185,48.4821],[-85.132553,48.478899],[-85.123015,48.47509],[-85.120223,48.47235],[-85.108856,48.449486],[-85.109298,48.439076],[-85.09657,48.428546],[-85.095283,48.415565],[-85.084806,48.403402],[-85.079025,48.39392],[-85.07911,48.391331],[-85.087475,48.379653],[-85.086771,48.374922],[-85.073012,48.366297],[-85.067198,48.356298],[-85.055227,48.348742],[-85.05117,48.344708],[-85.010074,48.321471],[-85.003379,48.307785],[-84.990563,48.302938],[-84.984404,48.29789],[-84.97451,48.296418],[-84.956901,48.29997],[-84.940199,48.296047],[-84.917807,48.294569],[-84.894206,48.290321],[-84.889754,48.287997],[-84.881608,48.264783],[-84.883937,48.25054],[-84.883094,48.247278],[-84.847012,48.21008],[-84.842961,48.18675],[-84.830293,48.17652],[-84.823396,48.164834],[-84.809779,48.154943],[-84.80718,48.151298],[-84.81337,48.130072],[-84.808479,48.118958],[-84.811985,48.101254],[-84.804944,48.086835],[-84.807838,48.067849],[-84.81527,48.059443],[-84.818003,48.052088],[-84.832771,48.044589],[-84.836122,48.036587],[-84.823442,48.022134],[-84.825474,48.008614],[-84.819602,47.994549],[-84.78641,47.976351],[-84.784128,47.973113],[-84.785568,47.969521],[-84.800385,47.956256],[-84.804698,47.961862],[-84.816044,47.962422],[-84.819068,47.960448],[-84.822882,47.959909],[-84.825673,47.960165],[-84.826335,47.961407],[-84.825673,47.960165],[-84.822882,47.959909],[-84.819068,47.960448],[-84.816044,47.962422],[-84.805014,47.961909],[-84.800385,47.956256],[-84.796989,47.958306],[-84.799756,47.953504],[-84.809987,47.943357],[-84.811227,47.933272],[-84.804908,47.925356],[-84.8058,47.918832],[-84.816797,47.909575],[-84.81827,47.903053],[-84.822107,47.899574],[-84.827068,47.8981],[-84.842253,47.897583],[-84.864992,47.88661],[-84.868596,47.883537],[-84.874584,47.872221],[-84.874185,47.862693],[-84.882641,47.855993],[-84.884994,47.851385],[-84.886567,47.846564],[-84.887438,47.826766],[-84.892162,47.810413],[-84.901461,47.795773],[-84.900035,47.793389],[-84.885415,47.786768],[-84.864374,47.774033],[-84.855775,47.76599],[-84.840201,47.764016],[-84.83377,47.760457],[-84.822632,47.750462],[-84.823039,47.738567],[-84.81502,47.732661],[-84.812478,47.728976],[-84.811839,47.705137],[-84.816731,47.692646],[-84.813053,47.680441],[-84.818154,47.66775],[-84.811785,47.659113],[-84.810519,47.65326],[-84.81728,47.640364],[-84.822818,47.634864],[-84.824444,47.630155],[-84.822094,47.621925],[-84.823541,47.614922],[-84.821638,47.609101],[-84.825624,47.600795],[-84.820559,47.592677],[-84.815628,47.569472],[-84.808738,47.559606],[-84.809646,47.545507],[-84.815279,47.538418],[-84.815789,47.53559],[-84.813686,47.532734],[-84.803303,47.526441],[-84.801744,47.523338],[-84.807591,47.512668],[-84.813441,47.497703],[-84.813267,47.494019],[-84.802438,47.478472],[-84.768042,47.46135],[-84.760473,47.455586],[-84.743451,47.438477],[-84.711856,47.42321],[-84.704959,47.415294],[-84.701264,47.402135],[-84.694439,47.392109],[-84.696267,47.379347],[-84.688239,47.372569],[-84.682384,47.364762],[-84.669186,47.362068],[-84.656431,47.363774],[-84.638016,47.359114],[-84.617344,47.337948],[-84.607127,47.320051],[-84.595637,47.314976],[-84.587672,47.312984],[-84.573066,47.302082],[-84.568319,47.291628],[-84.562576,47.286277],[-84.561728,47.282804],[-84.56112,47.270767],[-84.564166,47.262934],[-84.576358,47.256443],[-84.582727,47.245525],[-84.589698,47.241181],[-84.593511,47.23599],[-84.59782,47.235248],[-84.614688,47.239979],[-84.62471,47.237298],[-84.638991,47.244197],[-84.641746,47.243213],[-84.643499,47.23966],[-84.650723,47.23386],[-84.651236,47.200318],[-84.671612,47.189036],[-84.691291,47.164293],[-84.709313,47.150131],[-84.709078,47.137296],[-84.693877,47.126014],[-84.693176,47.122096],[-84.70655,47.113771],[-84.709979,47.108573],[-84.711552,47.099714],[-84.720863,47.088687],[-84.729755,47.082229],[-84.739697,47.06962],[-84.75802,47.060827],[-84.762916,47.055566],[-84.777758,47.045293],[-84.781471,47.040094],[-84.782112,47.035567],[-84.778828,47.0291],[-84.76842,47.021103],[-84.767392,47.017701],[-84.769257,47.015007],[-84.780053,47.008424],[-84.786136,47.002313],[-84.787465,46.992289],[-84.784588,46.986944],[-84.774345,46.978507],[-84.746944,46.966543],[-84.687275,46.970216],[-84.653431,46.96026],[-84.638023,46.957212],[-84.608134,46.944644],[-84.559359,46.9458],[-84.542909,46.941917],[-84.53128,46.933567],[-84.520314,46.931783],[-84.500388,46.934934],[-84.487694,46.939127],[-84.478312,46.940249],[-84.434116,46.930959],[-84.422042,46.926479],[-84.416356,46.921643],[-84.385743,46.907367],[-84.378184,46.89909],[-84.368709,46.895505],[-84.362097,46.890898],[-84.358343,46.879291],[-84.354144,46.875126],[-84.353516,46.869451],[-84.355661,46.86724],[-84.372996,46.858355],[-84.373037,46.854938],[-84.367222,46.849918],[-84.367828,46.846733],[-84.392078,46.831504],[-84.399455,46.825217],[-84.398394,46.817939],[-84.399976,46.811115],[-84.39799,46.800302],[-84.386644,46.786937],[-84.364947,46.775456],[-84.361808,46.771833],[-84.359184,46.762727],[-84.362081,46.752851],[-84.351075,46.737431],[-84.345235,46.717581],[-84.342887,46.678479],[-84.34042,46.675299],[-84.329751,46.669252],[-84.325579,46.660831],[-84.305754,46.640672],[-84.304773,46.635379],[-84.309289,46.627282],[-84.309742,46.623522],[-84.295045,46.606292],[-84.294138,46.599597],[-84.295566,46.596792],[-84.309371,46.590282],[-84.313474,46.586065],[-84.323216,46.580398],[-84.321193,46.573984],[-84.318818,46.535582],[-84.319397,46.510607],[-84.323273,46.506281],[-84.301903,46.504369],[-84.295336,46.502391],[-84.295435,46.512387],[-84.230037,46.541037],[-84.231928,46.55067],[-84.22853,46.55438],[-84.216933,46.557624],[-84.180685,46.559048],[-84.175774,46.558376],[-84.143668,46.547739],[-84.124816,46.538387],[-84.095233,46.526519],[-84.082886,46.525122],[-84.060088,46.516796],[-84.042368,46.503675],[-84.041286,46.500949],[-84.043685,46.488628],[-84.057155,46.472734],[-84.059004,46.467017],[-84.059547,46.455324],[-84.066136,46.448655],[-84.068113,46.444716],[-84.067776,46.346206],[-84.064956,46.341075],[-84.057907,46.338025],[-83.943398,46.337308],[-83.93552,46.34177],[-83.922243,46.344463],[-83.911395,46.342464],[-83.886323,46.341761],[-83.878384,46.33843],[-83.874288,46.335069],[-83.868306,46.321232],[-83.864853,46.317715],[-83.835127,46.311931],[-83.828475,46.307796],[-83.809566,46.307513],[-83.804022,46.302978],[-83.794977,46.300293],[-83.781505,46.301702],[-83.758829,46.301147],[-83.736625,46.291491],[-83.714275,46.291117],[-83.69753,46.286895],[-83.617129,46.288529],[-83.604885,46.287678],[-83.599737,46.285676],[-83.592102,46.279803],[-83.58188,46.275242],[-83.573992,46.2673],[-83.567651,46.265304],[-83.545776,46.265499],[-83.526331,46.272854],[-83.515321,46.269352],[-83.503922,46.267483],[-83.449877,46.26761],[-83.44547,46.268932],[-83.424371,46.281054],[-83.412167,46.28259],[-83.395198,46.29316],[-83.382237,46.296864],[-83.362919,46.297134],[-83.346943,46.293487],[-83.326103,46.293393],[-83.29384,46.291107],[-83.284721,46.292602],[-83.273889,46.29244],[-83.269318,46.290843],[-83.250962,46.278938],[-83.21921,46.278613],[-83.21252,46.277061],[-83.207194,46.273146],[-83.199565,46.260538],[-83.196216,46.257624],[-83.187227,46.255038],[-83.175796,46.254541],[-83.163481,46.251815],[-83.145241,46.23891],[-83.132494,46.234393],[-83.116266,46.230533],[-83.110097,46.226065],[-83.107334,46.219916],[-83.103823,46.217032],[-83.079572,46.20692],[-83.074111,46.206279],[-83.063043,46.207598],[-83.053714,46.206525],[-83.034243,46.208277],[-83.02716,46.207714],[-83.023637,46.2052],[-83.025472,46.199435],[-83.02266,46.195884],[-83.005277,46.193399],[-82.997051,46.193819],[-82.982809,46.191099],[-82.971177,46.192944],[-82.958649,46.18691],[-82.943496,46.181613],[-82.938485,46.181949],[-82.928053,46.185672],[-82.900633,46.185986],[-82.879882,46.183726],[-82.861766,46.187742],[-82.843574,46.184441],[-82.818334,46.18506],[-82.794617,46.194541],[-82.757125,46.19299],[-82.732693,46.195046],[-82.687456,46.203922],[-82.679436,46.206597],[-82.667285,46.206441],[-82.655881,46.208722],[-82.645971,46.208852],[-82.634646,46.210694],[-82.599001,46.211246],[-82.585596,46.213716],[-82.566495,46.211371],[-82.540955,46.213722],[-82.522179,46.213542],[-82.51362,46.211334],[-82.484497,46.209016],[-82.470481,46.204727],[-82.454536,46.203625],[-82.443525,46.204789],[-82.410813,46.205377],[-82.368721,46.203827],[-82.335115,46.192532],[-82.324074,46.198526],[-82.30169,46.204495],[-82.244629,46.205273],[-82.230367,46.208107],[-82.218501,46.205292],[-82.181146,46.205602],[-82.16427,46.203029],[-82.110679,46.207629],[-82.083952,46.21193],[-82.064805,46.213498],[-82.029725,46.220032],[-82.018865,46.221018],[-82.003729,46.226222],[-81.986318,46.228553],[-81.939162,46.241663],[-81.92619,46.249269],[-81.904074,46.257127],[-81.898398,46.267567],[-81.876738,46.272432],[-81.848835,46.274408],[-81.834777,46.280238],[-81.813477,46.283213],[-81.799123,46.288612],[-81.769426,46.285097],[-81.760968,46.285171],[-81.724953,46.291816],[-81.701686,46.29214],[-81.687895,46.298708],[-81.670375,46.302549],[-81.652063,46.313113],[-81.62513,46.324357],[-81.620224,46.32503],[-81.608213,46.323484],[-81.57199,46.333571],[-81.565098,46.333211],[-81.550807,46.32736],[-81.540297,46.325247],[-81.534494,46.326304],[-81.519448,46.333101],[-81.501187,46.331884],[-81.493066,46.332749],[-81.459471,46.346815],[-81.442115,46.351666],[-81.423952,46.362515],[-81.410153,46.36394],[-81.388535,46.369583],[-81.350073,46.374952],[-81.322379,46.396786],[-81.29366,46.404509],[-81.28446,46.405115],[-81.264232,46.398855],[-81.255102,46.39828],[-81.22216,46.406765],[-81.208545,46.413774],[-81.199903,46.41643],[-81.176496,46.418746],[-81.15555,46.424706],[-81.132148,46.429541],[-81.125005,46.428679],[-81.120343,46.427085],[-81.120403,46.425896],[-81.121371,46.427065],[-81.077211,46.464525],[-81.04306,46.47235],[-81.032927,46.470965],[-81.014301,46.4786],[-81.007382,46.478489],[-81.007172,46.475515],[-80.993936,46.476425],[-80.989724,46.480594],[-80.989008,46.489266],[-80.98614,46.490882],[-80.985421,46.493378],[-80.942455,46.505931],[-80.937851,46.505343],[-80.911757,46.492784],[-80.88512,46.495516],[-80.847163,46.495205],[-80.839121,46.493527],[-80.825461,46.488321],[-80.777077,46.487069],[-80.76829,46.48845],[-80.754016,46.497672],[-80.743587,46.501047],[-80.734649,46.501926],[-80.712295,46.508052],[-80.682966,46.519627],[-80.653891,46.523176],[-80.642296,46.521653],[-80.630243,46.516665],[-80.615992,46.513992],[-80.610855,46.511636],[-80.588134,46.50994],[-80.560676,46.495029],[-80.552612,46.4891],[-80.546375,46.481296],[-80.542796,46.479382],[-80.485782,46.469627],[-80.46096,46.461519],[-80.437672,46.456635],[-80.41627,46.454896],[-80.40623,46.450243],[-80.394322,46.450062],[-80.387435,46.448347],[-80.376421,46.449233],[-80.362659,46.446336],[-80.346263,46.446739],[-80.325613,46.444615],[-80.249048,46.430932],[-80.22103,46.430084],[-80.175428,46.423122],[-80.096683,46.40712],[-80.037819,46.406682],[-79.946666,46.36647],[-79.892183,46.365288],[-79.701076,46.370971],[-79.685499,46.366131],[-79.658156,46.359873],[-79.639521,46.353335],[-79.620627,46.353181],[-79.569255,46.337916],[-79.541434,46.338455],[-79.527917,46.334223],[-79.501765,46.334066],[-79.454355,46.327698],[-79.449065,46.325231],[-79.443561,46.318326],[-79.439399,46.32042],[-79.438704,46.319719],[-79.438823,46.317522],[-79.440987,46.316882],[-79.44077,46.315258],[-79.443437,46.31285],[-79.433466,46.306482],[-79.432513,46.305006],[-79.433618,46.304546],[-79.433006,46.30558],[-79.407144,46.301741],[-79.382353,46.302647],[-79.350195,46.290828],[-79.263997,46.273471],[-79.235802,46.272462],[-79.199506,46.268071],[-79.174701,46.271485],[-79.156428,46.270906],[-79.149084,46.269595],[-79.136764,46.269961],[-79.10232,46.276535],[-79.087107,46.272309],[-79.075079,46.272309],[-79.062278,46.269755],[-79.037833,46.270517],[-79.010925,46.267597],[-78.977479,46.271301],[-78.919773,46.285898],[-78.909583,46.286993],[-78.883515,46.281726],[-78.826173,46.285331],[-78.812876,46.288501],[-78.797153,46.289976],[-78.781219,46.289862],[-78.777333,46.291083],[-78.756824,46.304135],[-78.746713,46.306387],[-78.721066,46.30621],[-78.705046,46.311145],[-78.701516,46.317289],[-78.637022,46.306918],[-78.573529,46.304505],[-78.488755,46.278485],[-78.479094,46.276679],[-78.463082,46.275909],[-78.398565,46.283783],[-78.385893,46.282013],[-78.338626,46.258295],[-78.325302,46.254509],[-78.307524,46.246645],[-78.293064,46.248375],[-78.282197,46.253698],[-78.248019,46.258518],[-78.206152,46.257135],[-78.198835,46.255516],[-78.183259,46.248847],[-78.157872,46.240185],[-78.128557,46.24303],[-78.097129,46.243621],[-78.078432,46.234047],[-78.065843,46.222685],[-78.02713,46.212522],[-78.004457,46.208672],[-77.966497,46.20648],[-77.90573,46.213748],[-77.896055,46.213047],[-77.885549,46.207871],[-77.878205,46.191969],[-77.875428,46.189577],[-77.851824,46.183103],[-77.816744,46.169244],[-77.809417,46.169132],[-77.770036,46.176928],[-77.752544,46.183415],[-77.726217,46.180858],[-77.712509,46.174364],[-77.702026,46.171429],[-77.696514,46.171889],[-77.684179,46.177801],[-77.675624,46.179988],[-77.656732,46.178811],[-77.637238,46.170598],[-77.616181,46.166944],[-77.583444,46.152555],[-77.548029,46.130679],[-77.540328,46.124531],[-77.534615,46.115016],[-77.513078,46.107454],[-77.492297,46.096794],[-77.489366,46.086606],[-77.476941,46.076684],[-77.474126,46.062652],[-77.474049,46.05272],[-77.469155,46.040322],[-77.462452,46.029612],[-77.439883,46.011625],[-77.427082,46.004696],[-77.409609,45.999245],[-77.395515,45.991321],[-77.333647,45.931178],[-77.322104,45.923989],[-77.316991,45.904479],[-77.298123,45.87136],[-77.276496,45.848264],[-77.24268,45.836],[-77.214114,45.823555],[-77.208231,45.818651],[-77.198917,45.802801],[-77.181166,45.790468],[-77.173047,45.789795],[-77.133418,45.799876],[-77.12662,45.799955],[-77.110124,45.790632],[-77.079275,45.767229],[-77.069904,45.76388],[-77.035694,45.757516],[-77.023884,45.752038],[-77.010093,45.749911],[-77.006921,45.748419],[-77.004453,45.741096],[-76.998679,45.733835],[-76.994662,45.724616],[-76.940487,45.679744],[-76.934152,45.67302],[-76.90293,45.648212],[-76.898946,45.640431],[-76.870162,45.621548],[-76.830002,45.585575],[-76.813988,45.573602],[-76.796664,45.570369],[-76.783998,45.572979],[-76.756345,45.565056],[-76.744672,45.557304],[-76.735352,45.553106],[-76.725918,45.543359],[-76.705696,45.537101],[-76.684714,45.520814],[-76.666379,45.490881],[-76.631625,45.476725],[-76.602826,45.450095],[-76.598354,45.447452],[-76.588467,45.445422],[-76.554306,45.446723],[-76.499751,45.439208],[-76.475873,45.442444],[-76.452375,45.437362],[-76.397216,45.434727],[-76.390201,45.432666],[-76.376654,45.422405],[-76.371123,45.420284],[-76.353007,45.420204],[-76.308224,45.417035],[-76.302703,45.414467],[-76.232899,45.361225],[-76.211577,45.351768],[-76.187421,45.339074],[-76.174688,45.334982],[-76.042026,45.309773],[-76.027614,45.299317],[-76.014139,45.29189],[-75.992343,45.274819],[-75.987477,45.272863],[-75.978853,45.271714],[-75.973629,45.271868],[-75.968858,45.273483],[-75.929858,45.298109],[-75.910643,45.305917],[-75.888027,45.319279],[-75.836631,45.340038],[-75.824045,45.342276],[-75.816587,45.340671],[-75.806406,45.325754],[-75.803959,45.312068],[-75.775542,45.322611],[-75.766903,45.322949],[-75.74641,45.32989],[-75.735659,45.33255],[-75.728384,45.332947],[-75.711748,45.339854],[-75.708028,45.339311],[-75.703034,45.334451],[-75.692918,45.334582],[-75.651338,45.351493],[-75.654198,45.355049],[-75.652444,45.354053],[-75.651212,45.355586],[-75.647329,45.353629],[-75.645532,45.355297],[-75.639964,45.356394],[-75.589617,45.377083],[-75.583416,45.382841],[-75.57026,45.374421],[-75.522329,45.366302],[-75.481288,45.361201],[-75.458201,45.351084],[-75.418028,45.346218],[-75.363573,45.336341],[-75.326909,45.336471],[-75.305786,45.330942],[-75.288579,45.329499],[-75.282033,45.327058],[-75.264072,45.314398],[-75.257128,45.312333],[-75.233857,45.313841],[-75.210568,45.312207],[-75.167046,45.31702],[-75.158589,45.314867],[-75.145623,45.305594],[-75.137574,45.303204],[-75.110714,45.304729],[-75.090306,45.302034],[-75.058024,45.305401],[-75.034214,45.311928],[-75.001386,45.323099],[-74.966573,45.328903],[-74.936269,45.329913],[-74.927085,45.331877],[-74.896476,45.34468],[-74.88358,45.358252],[-74.874887,45.363125],[-74.834318,45.378341],[-74.825735,45.379994],[-74.807437,45.380911],[-74.796151,45.384403],[-74.78246,45.391509],[-74.776018,45.396896],[-74.77201,45.402844],[-74.767644,45.417392],[-74.756886,45.427205],[-74.727706,45.444692],[-74.700465,45.45162],[-74.694677,45.455282],[-74.684908,45.464644],[-74.661742,45.477005],[-74.640105,45.482244],[-74.621955,45.491234],[-74.592744,45.502994],[-74.570857,45.50957],[-74.567279,45.512551],[-74.556419,45.529231],[-74.541618,45.542531],[-74.521631,45.551903],[-74.50927,45.563055],[-74.502795,45.565201],[-74.428208,45.548533],[-74.385107,45.537391],[-74.381711,45.534229],[-74.372589,45.511218],[-74.341561,45.486193],[-74.337584,45.485591],[-74.310533,45.488241],[-74.305711,45.487786],[-74.290544,45.483675],[-74.278505,45.474759],[-74.251967,45.469433],[-74.223353,45.458373],[-74.196677,45.441965],[-74.189017,45.438726],[-74.173313,45.435227],[-74.145699,45.435963],[-74.118678,45.425769],[-74.088378,45.423723],[-74.074702,45.412223],[-74.065537,45.401744],[-74.062134,45.400056],[-74.056555,45.400477],[-74.030121,45.413382],[-74.022732,45.415538],[-73.999715,45.418847],[-73.965696,45.421799],[-73.931776,45.419828],[-73.903933,45.434012],[-73.885148,45.43965],[-73.857529,45.452968],[-73.837812,45.457762],[-73.774936,45.488345],[-73.747218,45.49067],[-73.709171,45.488981],[-73.691581,45.494105],[-73.677253,45.495382],[-73.665854,45.50258],[-73.652261,45.493783],[-73.62227,45.480468],[-73.617471,45.476444],[-73.595836,45.465419],[-73.58136,45.465368],[-73.581728,45.462706],[-73.579545,45.462328],[-73.579217,45.458952],[-73.56334,45.458245],[-73.56316,45.456575],[-73.562673,45.469326],[-73.556146,45.473063],[-73.555694,45.470828],[-73.520317,45.469524],[-73.48228,45.465369],[-73.460648,45.464431],[-73.455677,45.462641],[-73.427868,45.443153],[-73.428014,45.441771],[-73.429463,45.442072],[-73.429144,45.443194],[-73.397496,45.465142],[-73.390768,45.471227],[-73.381606,45.483849],[-73.372004,45.50325],[-73.371534,45.566963],[-73.370869,45.570857],[-73.367132,45.574011],[-73.244434,45.593344],[-73.137434,45.595212],[-73.024317,45.632142],[-72.989418,45.634074],[-72.956455,45.647303],[-72.88573,45.661488],[-72.855878,45.665689],[-72.840042,45.670991],[-72.816183,45.686704],[-72.80164,45.692105],[-72.734369,45.736532],[-72.670973,45.780389],[-72.584805,45.850315],[-72.516636,45.909338],[-72.510444,45.911295],[-72.49238,45.909143],[-72.486408,45.910744],[-72.313707,46.055259],[-72.305551,46.060354],[-72.290131,46.063573],[-72.283473,46.066808],[-72.166108,46.14998],[-72.060904,46.214026],[-72.058865,46.217538],[-72.059483,46.240138],[-72.057171,46.243594],[-71.934994,46.31984],[-71.910446,46.33957],[-71.825501,46.399969],[-71.820512,46.407368],[-71.721069,46.47449],[-71.693423,46.488904],[-71.649118,46.519457],[-71.640733,46.531507],[-71.638296,46.538897],[-71.633159,46.542871],[-71.615497,46.546302],[-71.597473,46.553337],[-71.506117,46.620555],[-71.451219,46.639582],[-71.426679,46.65005],[-71.407873,46.655017],[-71.335418,46.680588],[-71.301664,46.697107],[-71.299538,46.699525],[-71.294102,46.716087],[-71.281669,46.723753],[-71.280702,46.731359],[-71.294134,46.751447],[-71.298304,46.763055],[-71.311123,46.785193],[-71.311347,46.787101],[-71.308415,46.7904],[-71.297083,46.793414],[-71.263802,46.796482],[-71.247026,46.802537],[-71.232142,46.811228],[-71.220651,46.812717],[-71.212721,46.812889],[-71.212597,46.811371],[-71.210174,46.810105],[-71.205415,46.812339],[-71.205074,46.813728],[-71.203579,46.812976],[-71.201557,46.814132],[-71.203163,46.811285],[-71.187911,46.810558],[-71.188611,46.809266],[-71.186753,46.810017],[-71.186708,46.806919],[-71.180443,46.803357],[-71.177643,46.803124],[-71.171651,46.799034],[-71.158719,46.811688],[-71.150288,46.814698],[-71.137819,46.805893],[-71.135308,46.799921],[-71.13127,46.796864],[-71.127718,46.801883],[-71.091235,46.814513],[-71.063132,46.812693],[-71.020604,46.819288],[-70.988283,46.816061],[-70.982779,46.81672],[-70.958592,46.824593],[-70.931203,46.840002],[-70.916705,46.851],[-70.900905,46.860395],[-70.881146,46.86917],[-70.872699,46.87033],[-70.790963,46.870141],[-70.784569,46.871643],[-70.739572,46.889359],[-70.720439,46.904689],[-70.648544,46.941911],[-70.625393,46.956451],[-70.601237,46.962884],[-70.540959,46.970177],[-70.51832,46.981734],[-70.490235,46.993493],[-70.465122,47.009573],[-70.429316,47.025409],[-70.377216,47.059612],[-70.342911,47.087414],[-70.341018,47.090798],[-70.336845,47.116923],[-70.294154,47.150442],[-70.255787,47.185676],[-70.229254,47.206479],[-70.227193,47.210028],[-70.226373,47.221089],[-70.203924,47.242968],[-70.197008,47.262796],[-70.173463,47.289306],[-70.126291,47.324892],[-70.107366,47.33259],[-70.086284,47.346953],[-70.070152,47.361425],[-70.052229,47.373746],[-70.029503,47.407561],[-69.976356,47.420765],[-69.917846,47.447307],[-69.874202,47.477566],[-69.866181,47.486772],[-69.84548,47.503843],[-69.837302,47.518282],[-69.827231,47.530575],[-69.814657,47.539623],[-69.801711,47.552303],[-69.781388,47.560713],[-69.750344,47.583948],[-69.734874,47.609746],[-69.715494,47.629849],[-69.70754,47.658072],[-69.704328,47.66337],[-69.676587,47.690654],[-69.655321,47.703136],[-69.603144,47.756546],[-69.592744,47.776047],[-69.559553,47.804018],[-69.547305,47.81254],[-69.540585,47.81369],[-69.508248,47.811472],[-69.439518,47.764877],[-69.400357,47.752371],[-69.349819,47.730281],[-69.334859,47.724888],[-69.315419,47.716255],[-69.270358,47.69219],[-69.240876,47.684011],[-69.228698,47.684485],[-69.206841,47.691698],[-69.182322,47.695379],[-69.117646,47.692275],[-69.078145,47.68528],[-69.073984,47.682934],[-69.063774,47.672392],[-69.054316,47.668626],[-69.041635,47.669668],[-69.02648,47.677066],[-69.020969,47.678138],[-69.00294,47.67663],[-68.980951,47.667713],[-68.976214,47.666901],[-68.969561,47.668288],[-68.949178,47.680646],[-68.942575,47.683327],[-68.924548,47.686723],[-68.911368,47.685156],[-68.871226,47.670927],[-68.846522,47.651693],[-68.83941,47.638656],[-68.832011,47.630787],[-68.819446,47.623326],[-68.802154,47.610606],[-68.804466,47.602278],[-68.781598,47.588217],[-68.777737,47.583081],[-68.77495,47.575391],[-68.775651,47.573224],[-68.764604,47.566643],[-68.75819,47.559287],[-68.749553,47.555822],[-68.733667,47.552842],[-68.728105,47.552895],[-68.720986,47.549916],[-68.70592,47.550485],[-68.69576,47.545887],[-68.663791,47.549115],[-68.644094,47.542492],[-68.638905,47.543459],[-68.63405,47.5428],[-68.621937,47.536603],[-68.615194,47.534576],[-68.563285,47.527746],[-68.555233,47.525506],[-68.554633,47.527655],[-68.550417,47.526851],[-68.537797,47.518255],[-68.520544,47.510806],[-68.511697,47.505306],[-68.502404,47.502234],[-68.488784,47.492373],[-68.493419,47.489603],[-68.499128,47.490726],[-68.486981,47.485409],[-68.477086,47.483146],[-68.45797,47.471756],[-68.428209,47.46034],[-68.412966,47.448153],[-68.397549,47.44031],[-68.390632,47.43221],[-68.389328,47.423536],[-68.362473,47.400563],[-68.339223,47.390638],[-68.328882,47.381768],[-68.315125,47.374412],[-68.317854,47.371234],[-68.325478,47.367786],[-68.328878,47.363719],[-68.325478,47.367786],[-68.317854,47.371234],[-68.315125,47.374412],[-68.302989,47.371251],[-68.279575,47.369781],[-68.250041,47.362076],[-68.221382,47.358648],[-68.213198,47.352883],[-68.206849,47.350594],[-68.188514,47.351312],[-68.178982,47.350379],[-68.168817,47.346763],[-68.145321,47.332178],[-68.129257,47.329066],[-68.120447,47.325741],[-68.098966,47.316153],[-68.079139,47.303338],[-68.032732,47.285873],[-67.998396,47.263509],[-67.991606,47.260542],[-67.976546,47.248405],[-67.963546,47.232292],[-67.932848,47.213161],[-67.930437,47.207139],[-67.932718,47.186909],[-67.918681,47.174582],[-67.903121,47.150427],[-67.897766,47.148287],[-67.883538,47.14798],[-67.875028,47.145717],[-67.870429,47.142916],[-67.852773,47.123319],[-67.846134,47.11843],[-67.80067,47.103091],[-67.778991,47.090986],[-67.77624,47.081857],[-67.76585,47.070957],[-67.764211,47.067371],[-67.765465,47.048686],[-67.768872,47.037605],[-67.767851,47.030153],[-67.752012,47.008313],[-67.732976,46.999544],[-67.722107,46.987208],[-67.723278,46.982177],[-67.736619,46.971599],[-67.740694,46.964368],[-67.738306,46.951481],[-67.739955,46.939397],[-67.734034,46.923598],[-67.739146,46.892631],[-67.73739,46.88748],[-67.716997,46.863393],[-67.713015,46.84548],[-67.716089,46.838866],[-67.729239,46.831131],[-67.733055,46.825881],[-67.733373,46.818072],[-67.72921,46.809784],[-67.729016,46.80492],[-67.733434,46.779054],[-67.716142,46.759545],[-67.714081,46.752468],[-67.717087,46.737956],[-67.728865,46.724858],[-67.740546,46.699433],[-67.739988,46.694541],[-67.730766,46.678607],[-67.7294,46.669771],[-67.731752,46.661873],[-67.74172,46.649786],[-67.744297,46.643327],[-67.744323,46.638745],[-67.738722,46.619486],[-67.744468,46.604959],[-67.741992,46.587587],[-67.748704,46.574279],[-67.749063,46.568525],[-67.741727,46.554556],[-67.713094,46.540898],[-67.706933,46.536179],[-67.702038,46.528824],[-67.697478,46.50694],[-67.694068,46.504023],[-67.678773,46.496654],[-67.675575,46.493655],[-67.673171,46.479705],[-67.664329,46.458604],[-67.65315,46.445998],[-67.642908,46.411765],[-67.638618,46.384848],[-67.632325,46.377194],[-67.619532,46.369418],[-67.616406,46.366018],[-67.613818,46.352405],[-67.610735,46.345311],[-67.597131,46.327664],[-67.578428,46.29453],[-67.577448,46.288579],[-67.579428,46.282562],[-67.583331,46.277989],[-67.597614,46.268163],[-67.601347,46.261143],[-67.602299,46.244582],[-67.596164,46.236113],[-67.595218,46.232365],[-67.596898,46.228125],[-67.603334,46.220868],[-67.601467,46.208762],[-67.611132,46.196382],[-67.607795,46.168001],[-67.609847,46.132585],[-67.589692,46.101245],[-67.576449,46.095346],[-67.571825,46.090738],[-67.568013,46.056383],[-67.560728,46.039448],[-67.561736,46.028449],[-67.559803,46.023595],[-67.556648,46.020548],[-67.543931,46.014531],[-67.51882,45.997867],[-67.496048,45.991895],[-67.474764,45.981756],[-67.468599,45.977442],[-67.458346,45.966332],[-67.422201,45.949318],[-67.378548,45.949256],[-67.353085,45.954729],[-67.329009,45.948529],[-67.267841,45.953171],[-67.257665,45.952712],[-67.205203,45.935287],[-67.175727,45.9325],[-67.15743,45.923041],[-67.092513,45.904397],[-67.054235,45.889683],[-67.009959,45.8834],[-66.987947,45.875898],[-66.961718,45.860302],[-66.943603,45.857893],[-66.922636,45.852832],[-66.913495,45.842668],[-66.90989,45.840695],[-66.874742,45.832383],[-66.865043,45.834237],[-66.840624,45.851726],[-66.822436,45.874485],[-66.806887,45.879072],[-66.798818,45.883866],[-66.763189,45.92856],[-66.75724,45.930822],[-66.723961,45.934471],[-66.718674,45.937414],[-66.714109,45.944794],[-66.709953,45.948004],[-66.704379,45.949633],[-66.692659,45.950287],[-66.652456,45.933557],[-66.639963,45.926073],[-66.638594,45.92194],[-66.640977,45.921223],[-66.64368,45.922321],[-66.640155,45.924111],[-66.64368,45.922321],[-66.639327,45.921381],[-66.639067,45.924238],[-66.637174,45.924648],[-66.616261,45.910505],[-66.596983,45.882388],[-66.595653,45.871506],[-66.592306,45.867837],[-66.564539,45.853724],[-66.534711,45.845483],[-66.510138,45.843234],[-66.500847,45.839983],[-66.495418,45.836627],[-66.483949,45.822198],[-66.477114,45.818871],[-66.468548,45.817394],[-66.461129,45.818079],[-66.436576,45.824357],[-66.427427,45.828346],[-66.420672,45.835971],[-66.415072,45.85469],[-66.41033,45.85803],[-66.404501,45.859272],[-66.374056,45.85719],[-66.361518,45.854381],[-66.342531,45.854188],[-66.327792,45.85093],[-66.307346,45.855052],[-66.275052,45.855591],[-66.256292,45.847572],[-66.234816,45.829754],[-66.225362,45.825933],[-66.217027,45.825011],[-66.207915,45.826157],[-66.179299,45.837778],[-66.173696,45.838845],[-66.160003,45.836315],[-66.137772,45.825265],[-66.125997,45.824916],[-66.11807,45.827952],[-66.108758,45.834444],[-66.092494,45.840548],[-66.048656,45.850741],[-66.04449,45.853807],[-66.038395,45.865242],[-66.034137,45.868513],[-65.997376,45.874219],[-65.975943,45.885967],[-65.96149,45.891425],[-65.940197,45.89512],[-65.886008,45.895726],[-65.878467,45.897143],[-65.873757,45.899863],[-65.830632,45.937943],[-65.825724,45.940486],[-65.794486,45.927825],[-65.789027,45.918517],[-65.782451,45.897651],[-65.770995,45.885346],[-65.770216,45.878932],[-65.752902,45.873354],[-65.748435,45.865604],[-65.740814,45.858119],[-65.728694,45.851856],[-65.714529,45.83763],[-65.701025,45.832136],[-65.687452,45.829171],[-65.667812,45.818812],[-65.656916,45.816276],[-65.644614,45.809028],[-65.636251,45.798168],[-65.629762,45.793719],[-65.611611,45.784729],[-65.588584,45.775893],[-65.573979,45.762901],[-65.57333,45.752709],[-65.562685,45.739267],[-65.550097,45.730719],[-65.536788,45.729365],[-65.531948,45.731439],[-65.528173,45.730241],[-65.527486,45.732421],[-65.523807,45.734061],[-65.509648,45.73568],[-65.492035,45.734727],[-65.480669,45.730909],[-65.46641,45.732481],[-65.450239,45.727097],[-65.437744,45.727233],[-65.428667,45.730702],[-65.418264,45.739517],[-65.405281,45.745066],[-65.39279,45.756788],[-65.374621,45.761335],[-65.349492,45.775095],[-65.328824,45.779776],[-65.312015,45.763069],[-65.30163,45.755097],[-65.297307,45.748767],[-65.293742,45.747407],[-65.283156,45.747286],[-65.269243,45.733261],[-65.259524,45.733535],[-65.235411,45.731282],[-65.228259,45.728857],[-65.207466,45.726547],[-65.201035,45.723885],[-65.19113,45.72232],[-65.186883,45.715903],[-65.181518,45.714062],[-65.17617,45.710032],[-65.171836,45.702608],[-65.169143,45.696439],[-65.168194,45.674198],[-65.163948,45.667645],[-65.154455,45.66381],[-65.136016,45.66128],[-65.130053,45.658594],[-65.121742,45.648856],[-65.085433,45.623319],[-65.082539,45.622851],[-65.077782,45.624009],[-65.070063,45.628975],[-65.061886,45.62948],[-65.028871,45.618099],[-65.022747,45.613766],[-65.019442,45.608357],[-65.015348,45.606274],[-65.011292,45.605298],[-64.993332,45.606329],[-64.982797,45.603203],[-64.971755,45.603678],[-64.964737,45.602294],[-64.960893,45.603087],[-64.959894,45.595753],[-64.956783,45.594707],[-64.950653,45.59532],[-64.946108,45.600656],[-64.942184,45.602444],[-64.9385,45.607621],[-64.927825,45.613114],[-64.911832,45.618172],[-64.885487,45.632743],[-64.875471,45.634411],[-64.871619,45.63353],[-64.862255,45.634385],[-64.854888,45.632973],[-64.849603,45.642529],[-64.845718,45.64576],[-64.840482,45.645526],[-64.836615,45.646685],[-64.830676,45.655955],[-64.814119,45.669383],[-64.807411,45.682348],[-64.789421,45.700545],[-64.772556,45.709818],[-64.764233,45.716443],[-64.756187,45.731127],[-64.745713,45.740339],[-64.740272,45.743124],[-64.742747,45.748256],[-64.725758,45.753489],[-64.722147,45.756779],[-64.715314,45.757208],[-64.710778,45.760643],[-64.695881,45.765131],[-64.689406,45.76493],[-64.65331,45.771102],[-64.635625,45.779025],[-64.620135,45.788639],[-64.615135,45.799109],[-64.603376,45.812561],[-64.601725,45.816193],[-64.580515,45.82989],[-64.577009,45.835413],[-64.576297,45.84696],[-64.578995,45.858992],[-64.586765,45.865392],[-64.600007,45.871607],[-64.605926,45.878429],[-64.612428,45.882314],[-64.618186,45.883088],[-64.625822,45.888173],[-64.629759,45.903364],[-64.638322,45.912224],[-64.650633,45.929624],[-64.656419,45.932619],[-64.669418,45.943268],[-64.678363,45.953837],[-64.683587,45.95768],[-64.686475,45.96445],[-64.693624,45.972651],[-64.695482,45.980412],[-64.699747,45.988497],[-64.706885,45.99344],[-64.706914,46.001945],[-64.709551,46.007477],[-64.70876,46.012826],[-64.712387,46.02737],[-64.717864,46.033166],[-64.72564,46.04591],[-64.72612,46.053049],[-64.757195,46.074234],[-64.770833,46.075604],[-64.783056,46.073111],[-64.787402,46.078934],[-64.776841,46.084012],[-64.772497,46.089998],[-64.763195,46.092864],[-64.765104,46.098825],[-64.763019,46.100647],[-64.704948,46.111724],[-64.699521,46.114263],[-64.685294,46.124549],[-64.678511,46.125995],[-64.673196,46.128763],[-64.662807,46.130035],[-64.64435,46.127239],[-64.636807,46.124314],[-64.610992,46.108654],[-64.606957,46.100212],[-64.598097,46.092218],[-64.58562,46.051091],[-64.579998,46.048069],[-64.561308,46.04461],[-64.541372,46.036034],[-64.52521,46.008025],[-64.513934,45.997327],[-64.498016,45.994167],[-64.424381,45.965427],[-64.404999,45.948487],[-64.403255,45.930951],[-64.392393,45.920255],[-64.3855,45.914695],[-64.362717,45.905492],[-64.348216,45.897718],[-64.341065,45.891557],[-64.294512,45.883289],[-64.283995,45.87922],[-64.279009,45.874709],[-64.274437,45.86499],[-64.269636,45.859754],[-64.240398,45.845595],[-64.236864,45.82067],[-64.226333,45.810871],[-64.21767,45.805682],[-64.211007,45.803125],[-64.200105,45.805267],[-64.202825,45.812619],[-64.199523,45.814588],[-64.200559,45.816214]]}},{"type":"Feature","properties":{"kind":"return","name":"Return · Amherst NS → Horseshoe Bay (5 marathon days)","mode":"driving","distanceMeters":5806770,"durationSeconds":277159,"waypoints":["amherst","quebec","montreal","ottawa","north_bay","sault","wawa","thunder_bay","kenora","winnipeg","regina","medicine_hat","calgary","canmore","kamloops","horseshoe_bay"]},"geometry":{"type":"LineString","coordinates":[[-64.200559,45.816214],[-64.198489,45.815342],[-64.202825,45.812619],[-64.202056,45.805992],[-64.208815,45.803519],[-64.214751,45.804368],[-64.225826,45.810881],[-64.23657,45.820806],[-64.240246,45.845912],[-64.26932,45.859901],[-64.273574,45.864299],[-64.278463,45.874628],[-64.283572,45.879445],[-64.294747,45.883789],[-64.339096,45.891166],[-64.347318,45.897441],[-64.36206,45.905473],[-64.387065,45.915916],[-64.40177,45.929789],[-64.40276,45.945553],[-64.404662,45.949782],[-64.424327,45.96642],[-64.495162,45.993991],[-64.510203,45.996215],[-64.51362,45.997647],[-64.52533,46.009104],[-64.539058,46.034157],[-64.541984,46.037132],[-64.560682,46.044862],[-64.580471,46.048505],[-64.58491,46.050973],[-64.597078,46.092331],[-64.605623,46.099691],[-64.608643,46.107001],[-64.61149,46.10967],[-64.63636,46.124509],[-64.64589,46.128081],[-64.664173,46.130408],[-64.697818,46.126492],[-64.703005,46.128198],[-64.707707,46.132205],[-64.711552,46.133057],[-64.741615,46.126623],[-64.86316,46.129786],[-64.875,46.132349],[-64.89671,46.131231],[-64.902138,46.129845],[-64.913497,46.125],[-64.917168,46.122033],[-64.923581,46.102134],[-64.927545,46.097819],[-64.959626,46.079803],[-64.992469,46.070595],[-65.011043,46.059712],[-65.033946,46.054941],[-65.048124,46.054148],[-65.052397,46.052946],[-65.084946,46.032295],[-65.100811,46.023679],[-65.108537,46.017542],[-65.12338,46.009437],[-65.137296,45.997841],[-65.139735,45.988727],[-65.142808,45.985051],[-65.156577,45.981027],[-65.170358,45.972749],[-65.179733,45.969871],[-65.189306,45.970102],[-65.215497,45.97659],[-65.221024,45.97534],[-65.244073,45.964305],[-65.251208,45.962652],[-65.259628,45.962783],[-65.290881,45.967345],[-65.299397,45.967273],[-65.335213,45.959876],[-65.362404,45.950137],[-65.415586,45.942117],[-65.427252,45.942962],[-65.476931,45.952967],[-65.52325,45.953538],[-65.558868,45.942817],[-65.603591,45.93303],[-65.627711,45.924251],[-65.636157,45.922821],[-65.675813,45.92308],[-65.699313,45.928692],[-65.708212,45.93237],[-65.733942,45.948813],[-65.763913,45.959913],[-65.778671,45.961082],[-65.8025,45.9576],[-65.810869,45.954668],[-65.817707,45.950443],[-65.873644,45.901107],[-65.878925,45.897793],[-65.886162,45.896445],[-65.939708,45.89588],[-65.962241,45.891994],[-65.975159,45.887212],[-65.99881,45.87428],[-66.03432,45.868852],[-66.038846,45.86574],[-66.045016,45.854334],[-66.048627,45.851557],[-66.092357,45.84095],[-66.109142,45.834417],[-66.120743,45.826767],[-66.129461,45.824633],[-66.140231,45.826403],[-66.159981,45.83663],[-66.173519,45.839076],[-66.1795,45.837831],[-66.207051,45.826565],[-66.215357,45.825352],[-66.224368,45.826212],[-66.234834,45.8307],[-66.254287,45.846966],[-66.275302,45.855885],[-66.308121,45.855268],[-66.327686,45.851272],[-66.343273,45.85475],[-66.362778,45.855073],[-66.374149,45.857473],[-66.403896,45.859539],[-66.410609,45.858239],[-66.415523,45.854698],[-66.421728,45.834871],[-66.429126,45.827688],[-66.435847,45.824847],[-66.460523,45.818507],[-66.473252,45.818148],[-66.482779,45.821779],[-66.495842,45.837358],[-66.507601,45.842758],[-66.530028,45.844707],[-66.565861,45.854992],[-66.575457,45.859457],[-66.588297,45.869504],[-66.592692,45.871428],[-66.611077,45.871889],[-66.63111,45.876735],[-66.635564,45.879812],[-66.655099,45.903069],[-66.70289,45.917802],[-66.708975,45.921468],[-66.716177,45.929032],[-66.725174,45.934053],[-66.730922,45.935092],[-66.757569,45.931223],[-66.764621,45.928494],[-66.800885,45.883193],[-66.807641,45.879522],[-66.822907,45.874596],[-66.842084,45.851726],[-66.866073,45.834715],[-66.875043,45.83319],[-66.910362,45.841742],[-66.918816,45.851308],[-66.923751,45.854087],[-66.941305,45.858225],[-66.955145,45.85913],[-66.961796,45.860692],[-66.987343,45.876017],[-67.009134,45.88354],[-67.05153,45.889578],[-67.093188,45.905528],[-67.157568,45.924042],[-67.175265,45.933202],[-67.2062,45.936015],[-67.255778,45.952632],[-67.267919,45.953652],[-67.32729,45.949317],[-67.334608,45.950241],[-67.353109,45.955459],[-67.378638,45.949983],[-67.417012,45.949459],[-67.424047,45.950705],[-67.4595,45.967846],[-67.468388,45.977715],[-67.474117,45.981815],[-67.495843,45.992189],[-67.518249,45.99854],[-67.543201,46.015171],[-67.556125,46.021436],[-67.559618,46.025136],[-67.559712,46.039663],[-67.566983,46.056737],[-67.57073,46.090734],[-67.575049,46.095364],[-67.589237,46.10123],[-67.609658,46.133905],[-67.607366,46.167467],[-67.610741,46.196381],[-67.601545,46.207649],[-67.60086,46.210813],[-67.603218,46.220186],[-67.594818,46.232086],[-67.595631,46.235952],[-67.60198,46.245137],[-67.600592,46.262593],[-67.5973,46.268014],[-67.580242,46.28072],[-67.577212,46.287216],[-67.57767,46.293639],[-67.598439,46.330922],[-67.611099,46.348158],[-67.615379,46.366281],[-67.618955,46.370137],[-67.631674,46.377917],[-67.637601,46.385099],[-67.642089,46.411799],[-67.652481,46.446098],[-67.662667,46.457436],[-67.672402,46.480814],[-67.674554,46.493862],[-67.677773,46.497066],[-67.694276,46.505088],[-67.697351,46.507855],[-67.70117,46.527414],[-67.706127,46.53598],[-67.714855,46.542269],[-67.741363,46.554769],[-67.74852,46.568579],[-67.747944,46.574141],[-67.741243,46.586137],[-67.743567,46.604957],[-67.737789,46.6195],[-67.743308,46.643326],[-67.7409,46.649343],[-67.731231,46.66148],[-67.728795,46.669766],[-67.729969,46.678648],[-67.739061,46.694739],[-67.739861,46.699427],[-67.728209,46.724985],[-67.716551,46.738102],[-67.713442,46.753208],[-67.715271,46.759863],[-67.73265,46.779934],[-67.728672,46.800211],[-67.728585,46.808208],[-67.733009,46.818183],[-67.733005,46.824358],[-67.730086,46.829384],[-67.714997,46.838423],[-67.711691,46.845474],[-67.716189,46.86351],[-67.736938,46.887593],[-67.738698,46.89265],[-67.733644,46.923618],[-67.739788,46.940956],[-67.737935,46.951685],[-67.740304,46.964268],[-67.736969,46.970725],[-67.722953,46.982016],[-67.72153,46.987857],[-67.732344,46.999986],[-67.751726,47.008465],[-67.767583,47.030234],[-67.768835,47.0354],[-67.764779,47.051303],[-67.763866,47.068024],[-67.775804,47.08181],[-67.778683,47.091135],[-67.800533,47.103303],[-67.83635,47.114594],[-67.845963,47.118695],[-67.852409,47.123473],[-67.870109,47.143053],[-67.874765,47.145977],[-67.88287,47.148234],[-67.897219,47.148496],[-67.902988,47.150693],[-67.918399,47.174672],[-67.932427,47.186945],[-67.930059,47.207312],[-67.932776,47.213607],[-67.963311,47.232517],[-67.97581,47.248134],[-67.991142,47.26061],[-67.998637,47.264069],[-68.030939,47.28542],[-68.078572,47.303638],[-68.097973,47.316153],[-68.124529,47.327906],[-68.144801,47.332307],[-68.17332,47.349206],[-68.187462,47.351663],[-68.207107,47.350986],[-68.212442,47.35284],[-68.221938,47.358998],[-68.251443,47.362592],[-68.280828,47.370188],[-68.303606,47.371438],[-68.317123,47.37583],[-68.328664,47.381866],[-68.339052,47.390725],[-68.362276,47.400608],[-68.389717,47.424523],[-68.390316,47.432266],[-68.395996,47.439204],[-68.405035,47.445315],[-68.413275,47.448738],[-68.425493,47.459328],[-68.458234,47.472358],[-68.476762,47.483386],[-68.488505,47.486275],[-68.523655,47.502279],[-68.528407,47.505483],[-68.539168,47.517433],[-68.55142,47.525551],[-68.557587,47.527356],[-68.615835,47.535022],[-68.622903,47.537291],[-68.63353,47.542887],[-68.646525,47.544026],[-68.657218,47.547729],[-68.654568,47.549215],[-68.664184,47.558737],[-68.674346,47.558275],[-68.680825,47.564389],[-68.690486,47.56819],[-68.701591,47.568675],[-68.703766,47.570109],[-68.707837,47.576131],[-68.707079,47.580808],[-68.713233,47.588786],[-68.724909,47.591513],[-68.74199,47.591005],[-68.756774,47.593386],[-68.768659,47.601087],[-68.795431,47.61028],[-68.795048,47.608988],[-68.804232,47.611791],[-68.818427,47.623008],[-68.831551,47.630755],[-68.83861,47.638323],[-68.846533,47.652432],[-68.867943,47.669251],[-68.88752,47.677722],[-68.911503,47.685541],[-68.925036,47.687],[-68.942969,47.683567],[-68.949894,47.68066],[-68.969629,47.668634],[-68.976337,47.667107],[-68.980789,47.667871],[-69.00294,47.67663],[-69.020969,47.678138],[-69.02648,47.677066],[-69.041635,47.669668],[-69.054316,47.668626],[-69.063774,47.672392],[-69.073408,47.682998],[-69.077968,47.6856],[-69.101857,47.690767],[-69.117421,47.692569],[-69.18238,47.695722],[-69.205941,47.692284],[-69.229778,47.684643],[-69.24073,47.684377],[-69.270472,47.6927],[-69.315098,47.716534],[-69.337445,47.726433],[-69.349362,47.730479],[-69.400686,47.752906],[-69.438957,47.765322],[-69.508368,47.811707],[-69.541605,47.814056],[-69.548065,47.812885],[-69.579565,47.790497],[-69.594748,47.774738],[-69.604231,47.755946],[-69.654824,47.704196],[-69.6608,47.699565],[-69.678421,47.690092],[-69.705349,47.663283],[-69.716145,47.629746],[-69.735528,47.609696],[-69.750868,47.58406],[-69.781869,47.560881],[-69.803094,47.551787],[-69.814652,47.540133],[-69.828722,47.529791],[-69.838142,47.517839],[-69.845567,47.504336],[-69.866751,47.486795],[-69.872871,47.479167],[-69.916714,47.448476],[-69.978719,47.420205],[-70.025942,47.409389],[-70.031377,47.406702],[-70.052753,47.373831],[-70.07039,47.361817],[-70.0861,47.347546],[-70.108073,47.332668],[-70.126799,47.325037],[-70.175021,47.28847],[-70.197367,47.264563],[-70.205287,47.242105],[-70.226661,47.221507],[-70.227787,47.209939],[-70.230008,47.206331],[-70.25759,47.18467],[-70.296814,47.148857],[-70.337376,47.116911],[-70.341572,47.090554],[-70.343354,47.087516],[-70.380199,47.057898],[-70.432556,47.023888],[-70.465962,47.009598],[-70.489078,46.995127],[-70.541507,46.970367],[-70.601022,46.963259],[-70.625274,46.95689],[-70.649208,46.941969],[-70.697396,46.918265],[-70.740173,46.893833],[-70.756052,46.883426],[-70.787482,46.871015],[-70.880349,46.870107],[-70.910752,46.85627],[-70.931915,46.840017],[-70.958903,46.824876],[-70.981271,46.817594],[-70.999782,46.81768],[-71.023732,46.820108],[-71.063344,46.813017],[-71.091871,46.81476],[-71.128467,46.80204],[-71.154082,46.787207],[-71.177715,46.803422],[-71.185218,46.807313],[-71.186708,46.806919],[-71.186716,46.81055],[-71.188423,46.809133],[-71.187972,46.810569],[-71.203163,46.811285],[-71.201557,46.814132],[-71.203579,46.812976],[-71.207423,46.813725],[-71.214533,46.810902],[-71.263877,46.782995],[-71.26627,46.778671],[-71.298293,46.761795],[-71.298606,46.759768],[-71.294031,46.750925],[-71.281265,46.731113],[-71.283104,46.723621],[-71.294531,46.716517],[-71.302118,46.697269],[-71.334419,46.681339],[-71.408193,46.655288],[-71.426258,46.650581],[-71.454556,46.638813],[-71.506105,46.620969],[-71.598932,46.552895],[-71.616466,46.546398],[-71.633116,46.543343],[-71.638995,46.538795],[-71.640998,46.532026],[-71.649473,46.519682],[-71.694208,46.488824],[-71.721619,46.474584],[-71.820882,46.407591],[-71.825757,46.40025],[-71.911647,46.339127],[-71.935371,46.320032],[-72.05806,46.243372],[-72.059914,46.240186],[-72.059366,46.217235],[-72.061206,46.214296],[-72.168511,46.148839],[-72.283707,46.067102],[-72.290323,46.06388],[-72.305634,46.060715],[-72.314852,46.05494],[-72.486511,45.910927],[-72.492742,45.909269],[-72.510364,45.911477],[-72.516698,45.90954],[-72.58516,45.850534],[-72.671164,45.780721],[-72.734749,45.736732],[-72.802168,45.692218],[-72.816329,45.687044],[-72.842348,45.670718],[-72.856138,45.665979],[-72.885913,45.661797],[-72.956539,45.647631],[-72.989445,45.634407],[-73.024337,45.632483],[-73.137414,45.595561],[-73.244135,45.593704],[-73.339306,45.578447],[-73.372446,45.5741],[-73.374154,45.574517],[-73.373798,45.575496],[-73.37174,45.574854],[-73.372388,45.503527],[-73.38206,45.483959],[-73.391335,45.471239],[-73.397453,45.465665],[-73.42549,45.446726],[-73.432562,45.446641],[-73.455719,45.463006],[-73.45971,45.464575],[-73.482342,45.465685],[-73.518444,45.469739],[-73.552908,45.47137],[-73.556158,45.473241],[-73.562866,45.46917],[-73.56316,45.456575],[-73.563475,45.462618],[-73.580999,45.4634],[-73.581524,45.466827],[-73.585365,45.464981],[-73.596048,45.465734],[-73.601955,45.469827],[-73.617443,45.476608],[-73.622229,45.480598],[-73.652273,45.493971],[-73.666303,45.504086],[-73.676897,45.49562],[-73.691593,45.494306],[-73.709128,45.489185],[-73.747119,45.490859],[-73.774344,45.488705],[-73.838071,45.457881],[-73.858202,45.452933],[-73.885101,45.439901],[-73.904305,45.434085],[-73.92996,45.420554],[-73.935531,45.419712],[-73.963492,45.421979],[-73.999756,45.418986],[-74.025081,45.415462],[-74.053634,45.402479],[-74.058593,45.400937],[-74.062876,45.401157],[-74.0663,45.40301],[-74.084801,45.422031],[-74.088406,45.42395],[-74.118557,45.425952],[-74.14549,45.436143],[-74.173712,45.435458],[-74.188989,45.438935],[-74.196427,45.442077],[-74.223451,45.458656],[-74.251961,45.469653],[-74.278471,45.474973],[-74.290312,45.483688],[-74.306197,45.488022],[-74.311011,45.48841],[-74.337747,45.485786],[-74.341384,45.486355],[-74.372317,45.511292],[-74.379596,45.529513],[-74.379824,45.534419],[-74.382531,45.537188],[-74.468611,45.558737],[-74.502491,45.56558],[-74.509264,45.563542],[-74.522722,45.552105],[-74.541104,45.543507],[-74.55712,45.529153],[-74.567471,45.513201],[-74.571112,45.509886],[-74.593161,45.503645],[-74.640593,45.483037],[-74.659758,45.47847],[-74.68513,45.465083],[-74.700385,45.452125],[-74.707123,45.449766],[-74.722218,45.447778],[-74.730431,45.444571],[-74.741648,45.435915],[-74.763022,45.423605],[-74.769462,45.415396],[-74.772354,45.404015],[-74.776302,45.39739],[-74.782755,45.391799],[-74.796424,45.384715],[-74.808215,45.381473],[-74.826019,45.38035],[-74.835482,45.378447],[-74.872918,45.364471],[-74.883843,45.358815],[-74.8965,45.345118],[-74.926645,45.332401],[-74.937251,45.330191],[-74.966331,45.329277],[-75.003685,45.322996],[-75.0344,45.312264],[-75.0581,45.305815],[-75.087452,45.302685],[-75.112302,45.306135],[-75.137389,45.304255],[-75.146897,45.307192],[-75.159595,45.316113],[-75.167196,45.317699],[-75.214706,45.312575],[-75.231216,45.314486],[-75.248595,45.312923],[-75.255943,45.313443],[-75.266283,45.31668],[-75.28126,45.327375],[-75.288448,45.330148],[-75.305189,45.331216],[-75.326538,45.336803],[-75.362697,45.336947],[-75.419961,45.346895],[-75.457323,45.351441],[-75.482357,45.362446],[-75.522559,45.366672],[-75.566608,45.374144],[-75.572724,45.376949],[-75.583987,45.386247],[-75.586551,45.380289],[-75.5924,45.376089],[-75.647501,45.353912],[-75.651085,45.355668],[-75.652609,45.35407],[-75.654198,45.355049],[-75.651895,45.351431],[-75.692363,45.334923],[-75.702867,45.334527],[-75.70811,45.33948],[-75.711815,45.339997],[-75.727989,45.333193],[-75.735643,45.332666],[-75.746542,45.329974],[-75.766937,45.323056],[-75.775556,45.322724],[-75.799073,45.314049],[-75.804468,45.316759],[-75.806232,45.326],[-75.816667,45.341804],[-75.823335,45.342971],[-75.836576,45.340369],[-75.887981,45.319689],[-75.91158,45.305815],[-75.93134,45.297712],[-75.96959,45.273556],[-75.978757,45.272075],[-75.987472,45.273269],[-75.992841,45.275554],[-76.012782,45.291428],[-76.026009,45.298719],[-76.041802,45.31009],[-76.172532,45.33495],[-76.187351,45.339474],[-76.23327,45.362004],[-76.302731,45.41503],[-76.307455,45.417221],[-76.352456,45.420547],[-76.371274,45.420708],[-76.376493,45.422826],[-76.389738,45.432881],[-76.397522,45.435109],[-76.453035,45.437947],[-76.475873,45.442444],[-76.499751,45.439208],[-76.554306,45.446723],[-76.588467,45.445422],[-76.598354,45.447452],[-76.602826,45.450095],[-76.631625,45.476725],[-76.666379,45.490881],[-76.684714,45.520814],[-76.705696,45.537101],[-76.725918,45.543359],[-76.735352,45.553106],[-76.744672,45.557304],[-76.756345,45.565056],[-76.783998,45.572979],[-76.796664,45.570369],[-76.811971,45.572588],[-76.823593,45.580677],[-76.870162,45.621548],[-76.898946,45.640431],[-76.90293,45.648212],[-76.934152,45.67302],[-76.940487,45.679744],[-76.994662,45.724616],[-76.998679,45.733835],[-77.004453,45.741096],[-77.007347,45.748744],[-77.02496,45.752361],[-77.037671,45.758099],[-77.056741,45.761099],[-77.076318,45.76587],[-77.084559,45.770607],[-77.107715,45.788832],[-77.122685,45.798493],[-77.129405,45.800284],[-77.173047,45.789795],[-77.181166,45.790468],[-77.198917,45.802801],[-77.208231,45.818651],[-77.214114,45.823555],[-77.24268,45.836],[-77.276496,45.848264],[-77.298123,45.87136],[-77.316991,45.904479],[-77.322104,45.923989],[-77.333647,45.931178],[-77.395515,45.991321],[-77.409609,45.999245],[-77.427082,46.004696],[-77.439883,46.011625],[-77.462452,46.029612],[-77.469155,46.040322],[-77.474049,46.05272],[-77.474126,46.062652],[-77.476941,46.076684],[-77.489366,46.086606],[-77.492104,46.096614],[-77.513078,46.107454],[-77.533825,46.114558],[-77.540328,46.124531],[-77.54922,46.13152],[-77.583444,46.152555],[-77.615363,46.166642],[-77.622056,46.168622],[-77.637238,46.170598],[-77.656732,46.178811],[-77.675624,46.179988],[-77.684179,46.177801],[-77.696514,46.171889],[-77.702026,46.171429],[-77.712509,46.174364],[-77.726217,46.180858],[-77.751725,46.183449],[-77.75659,46.182534],[-77.770036,46.176928],[-77.809417,46.169132],[-77.816744,46.169244],[-77.851824,46.183103],[-77.875428,46.189577],[-77.878205,46.191969],[-77.885549,46.207871],[-77.896055,46.213047],[-77.90573,46.213748],[-77.966497,46.20648],[-78.004457,46.208672],[-78.02713,46.212522],[-78.065843,46.222685],[-78.078432,46.234047],[-78.097129,46.243621],[-78.128557,46.24303],[-78.157872,46.240185],[-78.183259,46.248847],[-78.198835,46.255516],[-78.206152,46.257135],[-78.248019,46.258518],[-78.282197,46.253698],[-78.293064,46.248375],[-78.307524,46.246645],[-78.325302,46.254509],[-78.338626,46.258295],[-78.383097,46.281127],[-78.396032,46.283676],[-78.42528,46.281168],[-78.463082,46.275909],[-78.479094,46.276679],[-78.488755,46.278485],[-78.573529,46.304505],[-78.637022,46.306918],[-78.702179,46.317484],[-78.705046,46.311145],[-78.721066,46.30621],[-78.746713,46.306387],[-78.756824,46.304135],[-78.777333,46.291083],[-78.781219,46.289862],[-78.797153,46.289976],[-78.812876,46.288501],[-78.826173,46.285331],[-78.883515,46.281726],[-78.909583,46.286993],[-78.919773,46.285898],[-78.977479,46.271301],[-79.010925,46.267597],[-79.037833,46.270517],[-79.062278,46.269755],[-79.075079,46.272309],[-79.087107,46.272309],[-79.10232,46.276535],[-79.136764,46.269961],[-79.149084,46.269595],[-79.156428,46.270906],[-79.174701,46.271485],[-79.199506,46.268071],[-79.235802,46.272462],[-79.263997,46.273471],[-79.350195,46.290828],[-79.382353,46.302647],[-79.40785,46.30178],[-79.430326,46.305471],[-79.442982,46.312297],[-79.440987,46.316882],[-79.438788,46.317585],[-79.439399,46.32042],[-79.443334,46.318786],[-79.449065,46.325231],[-79.454355,46.327698],[-79.501765,46.334066],[-79.527917,46.334223],[-79.541434,46.338455],[-79.569255,46.337916],[-79.620627,46.353181],[-79.639521,46.353335],[-79.658156,46.359873],[-79.685499,46.366131],[-79.701076,46.370971],[-79.892183,46.365288],[-79.946666,46.36647],[-80.037819,46.406682],[-80.096683,46.40712],[-80.175428,46.423122],[-80.22103,46.430084],[-80.249048,46.430932],[-80.325613,46.444615],[-80.346263,46.446739],[-80.362659,46.446336],[-80.376421,46.449233],[-80.387435,46.448347],[-80.394322,46.450062],[-80.40623,46.450243],[-80.41627,46.454896],[-80.437672,46.456635],[-80.46096,46.461519],[-80.485782,46.469627],[-80.542796,46.479382],[-80.546375,46.481296],[-80.552612,46.4891],[-80.560676,46.495029],[-80.588134,46.50994],[-80.610018,46.511469],[-80.615992,46.513992],[-80.630243,46.516665],[-80.642296,46.521653],[-80.655553,46.52323],[-80.683443,46.519482],[-80.712295,46.508052],[-80.734649,46.501926],[-80.743587,46.501047],[-80.754016,46.497672],[-80.76829,46.48845],[-80.772709,46.487489],[-80.823992,46.488177],[-80.845909,46.495116],[-80.884478,46.495521],[-80.884286,46.492404],[-80.877891,46.48172],[-80.877543,46.476493],[-80.879985,46.472281],[-80.897413,46.455389],[-80.904473,46.45161],[-80.92047,46.446535],[-80.928935,46.442407],[-80.943678,46.441435],[-80.95392,46.438627],[-80.963188,46.438372],[-80.97765,46.431895],[-80.995544,46.428935],[-81.0139,46.433728],[-81.030636,46.432477],[-81.036955,46.434294],[-81.049394,46.441812],[-81.057547,46.443058],[-81.063443,46.441543],[-81.089216,46.426665],[-81.097797,46.423838],[-81.107799,46.4238],[-81.127115,46.429611],[-81.133804,46.429641],[-81.155424,46.425085],[-81.176136,46.419126],[-81.201308,46.416459],[-81.208719,46.414075],[-81.223192,46.406873],[-81.254687,46.398679],[-81.262601,46.398872],[-81.282749,46.405185],[-81.290693,46.405553],[-81.322695,46.397066],[-81.350471,46.3752],[-81.389178,46.369463],[-81.410879,46.363814],[-81.423952,46.362515],[-81.442115,46.351666],[-81.459471,46.346815],[-81.493066,46.332749],[-81.501187,46.331884],[-81.519448,46.333101],[-81.534494,46.326304],[-81.540297,46.325247],[-81.550807,46.32736],[-81.565098,46.333211],[-81.570724,46.333732],[-81.607035,46.323714],[-81.612349,46.323446],[-81.619685,46.325002],[-81.62513,46.324357],[-81.652063,46.313113],[-81.670375,46.302549],[-81.687895,46.298708],[-81.701686,46.29214],[-81.724953,46.291816],[-81.760968,46.285171],[-81.769426,46.285097],[-81.799123,46.288612],[-81.813477,46.283213],[-81.834777,46.280238],[-81.848835,46.274408],[-81.872196,46.273066],[-81.896945,46.268108],[-81.900192,46.266086],[-81.901651,46.259806],[-81.904074,46.257127],[-81.92619,46.249269],[-81.941155,46.240961],[-81.986318,46.228553],[-82.003729,46.226222],[-82.018865,46.221018],[-82.029725,46.220032],[-82.064805,46.213498],[-82.083952,46.21193],[-82.110679,46.207629],[-82.165557,46.202982],[-82.181146,46.205602],[-82.218501,46.205292],[-82.230367,46.208107],[-82.244629,46.205273],[-82.30169,46.204495],[-82.324074,46.198526],[-82.335115,46.192532],[-82.368721,46.203827],[-82.410813,46.205377],[-82.443525,46.204789],[-82.454536,46.203625],[-82.470481,46.204727],[-82.484497,46.209016],[-82.51362,46.211334],[-82.522179,46.213542],[-82.540955,46.213722],[-82.566495,46.211371],[-82.585596,46.213716],[-82.599001,46.211246],[-82.634646,46.210694],[-82.645971,46.208852],[-82.655881,46.208722],[-82.667285,46.206441],[-82.679436,46.206597],[-82.687456,46.203922],[-82.732693,46.195046],[-82.757125,46.19299],[-82.794617,46.194541],[-82.818334,46.18506],[-82.843574,46.184441],[-82.86137,46.187749],[-82.879882,46.183726],[-82.900033,46.18596],[-82.91818,46.186164],[-82.929691,46.185407],[-82.937022,46.182359],[-82.94239,46.181542],[-82.956896,46.186205],[-82.971177,46.192944],[-82.982809,46.191099],[-82.997051,46.193819],[-83.005277,46.193399],[-83.02266,46.195884],[-83.025472,46.199435],[-83.023637,46.2052],[-83.02716,46.207714],[-83.034243,46.208277],[-83.053714,46.206525],[-83.063043,46.207598],[-83.074111,46.206279],[-83.079572,46.20692],[-83.103823,46.217032],[-83.107334,46.219916],[-83.110097,46.226065],[-83.116266,46.230533],[-83.132494,46.234393],[-83.145241,46.23891],[-83.163481,46.251815],[-83.175796,46.254541],[-83.187227,46.255038],[-83.196216,46.257624],[-83.199565,46.260538],[-83.207194,46.273146],[-83.21252,46.277061],[-83.21921,46.278613],[-83.250962,46.278938],[-83.269318,46.290843],[-83.273889,46.29244],[-83.284721,46.292602],[-83.29384,46.291107],[-83.326103,46.293393],[-83.346943,46.293487],[-83.362919,46.297134],[-83.382237,46.296864],[-83.395198,46.29316],[-83.412167,46.28259],[-83.424371,46.281054],[-83.44547,46.268932],[-83.449877,46.26761],[-83.503922,46.267483],[-83.515321,46.269352],[-83.526331,46.272854],[-83.545776,46.265499],[-83.567651,46.265304],[-83.573992,46.2673],[-83.58188,46.275242],[-83.592102,46.279803],[-83.599737,46.285676],[-83.604885,46.287678],[-83.617129,46.288529],[-83.69753,46.286895],[-83.714275,46.291117],[-83.736625,46.291491],[-83.758829,46.301147],[-83.781505,46.301702],[-83.794977,46.300293],[-83.804022,46.302978],[-83.809566,46.307513],[-83.828475,46.307796],[-83.835127,46.311931],[-83.864853,46.317715],[-83.868306,46.321232],[-83.874288,46.335069],[-83.878384,46.33843],[-83.886323,46.341761],[-83.911395,46.342464],[-83.922615,46.344453],[-83.93552,46.34177],[-83.943398,46.337308],[-84.058286,46.338555],[-84.06435,46.341369],[-84.067253,46.345972],[-84.067602,46.444812],[-84.059217,46.454911],[-84.057599,46.470694],[-84.043763,46.487466],[-84.040821,46.500938],[-84.042936,46.504888],[-84.056443,46.515294],[-84.082285,46.525305],[-84.094849,46.526612],[-84.126606,46.539514],[-84.143613,46.547946],[-84.175326,46.558587],[-84.181795,46.559354],[-84.217082,46.55782],[-84.228551,46.554625],[-84.232196,46.550667],[-84.230339,46.541036],[-84.295435,46.512387],[-84.295336,46.502391],[-84.301903,46.504369],[-84.321799,46.50572],[-84.319355,46.509365],[-84.318818,46.535582],[-84.321193,46.573984],[-84.323216,46.580398],[-84.313474,46.586065],[-84.309371,46.590282],[-84.295566,46.596792],[-84.294138,46.599597],[-84.295045,46.606292],[-84.309742,46.623522],[-84.309289,46.627282],[-84.304773,46.635379],[-84.305754,46.640672],[-84.325579,46.660831],[-84.329751,46.669252],[-84.34042,46.675299],[-84.342887,46.678479],[-84.345235,46.717581],[-84.351075,46.737431],[-84.362081,46.752851],[-84.359184,46.762727],[-84.361808,46.771833],[-84.364947,46.775456],[-84.386644,46.786937],[-84.39799,46.800302],[-84.399976,46.811115],[-84.398394,46.817939],[-84.399455,46.825217],[-84.392078,46.831504],[-84.367828,46.846733],[-84.367222,46.849918],[-84.373037,46.854938],[-84.372996,46.858355],[-84.355661,46.86724],[-84.353516,46.869451],[-84.354144,46.875126],[-84.358343,46.879291],[-84.359245,46.885207],[-84.363036,46.892079],[-84.378184,46.89909],[-84.385743,46.907367],[-84.416356,46.921643],[-84.422517,46.926708],[-84.434116,46.930959],[-84.464484,46.936619],[-84.474171,46.939845],[-84.485231,46.93962],[-84.500388,46.934934],[-84.520314,46.931783],[-84.53128,46.933567],[-84.54195,46.941493],[-84.557342,46.945573],[-84.609054,46.944851],[-84.638023,46.957212],[-84.653431,46.96026],[-84.68604,46.970045],[-84.695932,46.970355],[-84.748006,46.966792],[-84.772936,46.977629],[-84.78579,46.988901],[-84.787675,46.993893],[-84.786527,47.0016],[-84.780053,47.008424],[-84.768527,47.015651],[-84.76744,47.019186],[-84.778828,47.0291],[-84.782112,47.035567],[-84.781471,47.040094],[-84.777758,47.045293],[-84.762916,47.055566],[-84.75802,47.060827],[-84.739697,47.06962],[-84.729755,47.082229],[-84.720863,47.088687],[-84.711552,47.099714],[-84.709979,47.108573],[-84.70655,47.113771],[-84.693176,47.122096],[-84.693877,47.126014],[-84.709078,47.137296],[-84.709313,47.150131],[-84.691291,47.164293],[-84.671612,47.189036],[-84.651236,47.200318],[-84.650723,47.23386],[-84.643499,47.23966],[-84.641746,47.243213],[-84.638991,47.244197],[-84.62471,47.237298],[-84.614688,47.239979],[-84.59782,47.235248],[-84.593511,47.23599],[-84.589698,47.241181],[-84.582727,47.245525],[-84.576358,47.256443],[-84.564166,47.262934],[-84.56112,47.270767],[-84.561876,47.284581],[-84.568043,47.29119],[-84.573066,47.302082],[-84.587672,47.312984],[-84.595637,47.314976],[-84.607127,47.320051],[-84.617344,47.337948],[-84.638456,47.359409],[-84.656431,47.363774],[-84.669186,47.362068],[-84.682384,47.364762],[-84.688239,47.372569],[-84.696267,47.379347],[-84.694439,47.392109],[-84.701264,47.402135],[-84.704959,47.415294],[-84.711856,47.42321],[-84.743451,47.438477],[-84.760473,47.455586],[-84.768042,47.46135],[-84.802438,47.478472],[-84.813267,47.494019],[-84.813441,47.497703],[-84.807591,47.512668],[-84.801744,47.523338],[-84.803303,47.526441],[-84.813686,47.532734],[-84.815789,47.53559],[-84.815279,47.538418],[-84.809646,47.545507],[-84.808738,47.559606],[-84.815628,47.569472],[-84.820559,47.592677],[-84.825624,47.600795],[-84.821638,47.609101],[-84.823541,47.614922],[-84.822094,47.621925],[-84.824444,47.630155],[-84.822818,47.634864],[-84.81728,47.640364],[-84.810519,47.65326],[-84.811785,47.659113],[-84.818154,47.66775],[-84.813053,47.680441],[-84.816731,47.692646],[-84.811839,47.705137],[-84.812478,47.728976],[-84.81502,47.732661],[-84.823039,47.738567],[-84.822632,47.750462],[-84.83377,47.760457],[-84.840201,47.764016],[-84.855775,47.76599],[-84.864374,47.774033],[-84.885415,47.786768],[-84.900035,47.793389],[-84.901461,47.795773],[-84.892162,47.810413],[-84.887438,47.826766],[-84.886567,47.846564],[-84.884994,47.851385],[-84.882641,47.855993],[-84.874185,47.862693],[-84.874584,47.872221],[-84.868596,47.883537],[-84.864992,47.88661],[-84.842253,47.897583],[-84.827068,47.8981],[-84.822107,47.899574],[-84.81827,47.903053],[-84.816797,47.909575],[-84.8058,47.918832],[-84.804908,47.925356],[-84.811227,47.933272],[-84.809987,47.943357],[-84.799756,47.953504],[-84.796989,47.958306],[-84.800385,47.956256],[-84.805014,47.961909],[-84.816044,47.962422],[-84.819068,47.960448],[-84.822882,47.959909],[-84.825673,47.960165],[-84.826335,47.961407],[-84.825673,47.960165],[-84.822882,47.959909],[-84.819068,47.960448],[-84.816044,47.962422],[-84.804698,47.961862],[-84.800385,47.956256],[-84.785568,47.969521],[-84.784128,47.973113],[-84.78641,47.976351],[-84.819602,47.994549],[-84.825474,48.008614],[-84.823442,48.022134],[-84.836122,48.036587],[-84.832771,48.044589],[-84.818003,48.052088],[-84.81527,48.059443],[-84.807838,48.067849],[-84.804944,48.086835],[-84.811985,48.101254],[-84.808479,48.118958],[-84.81337,48.130072],[-84.80718,48.151298],[-84.809779,48.154943],[-84.823396,48.164834],[-84.830293,48.17652],[-84.842961,48.18675],[-84.847012,48.21008],[-84.883094,48.247278],[-84.883937,48.25054],[-84.881608,48.264783],[-84.889754,48.287997],[-84.894206,48.290321],[-84.917807,48.294569],[-84.940199,48.296047],[-84.956901,48.29997],[-84.97451,48.296418],[-84.984404,48.29789],[-84.990563,48.302938],[-85.003379,48.307785],[-85.010074,48.321471],[-85.05117,48.344708],[-85.055227,48.348742],[-85.067198,48.356298],[-85.073012,48.366297],[-85.086771,48.374922],[-85.087475,48.379653],[-85.07911,48.391331],[-85.079025,48.39392],[-85.084806,48.403402],[-85.095283,48.415565],[-85.09657,48.428546],[-85.109298,48.439076],[-85.108856,48.449486],[-85.120223,48.47235],[-85.123015,48.47509],[-85.132553,48.478899],[-85.136185,48.4821],[-85.144303,48.4974],[-85.146234,48.508195],[-85.152191,48.515962],[-85.153217,48.523042],[-85.161714,48.532777],[-85.189758,48.543011],[-85.221062,48.559132],[-85.25343,48.56544],[-85.264071,48.574909],[-85.264665,48.588132],[-85.267392,48.590871],[-85.288388,48.597265],[-85.312738,48.595454],[-85.316909,48.596499],[-85.319558,48.598658],[-85.329405,48.615882],[-85.349536,48.631127],[-85.381623,48.631403],[-85.390249,48.630395],[-85.40127,48.633645],[-85.409478,48.634487],[-85.421347,48.639201],[-85.437071,48.642059],[-85.440535,48.644484],[-85.443498,48.651597],[-85.453389,48.655616],[-85.458342,48.661988],[-85.494448,48.686815],[-85.508825,48.692768],[-85.548152,48.702699],[-85.562089,48.711079],[-85.582177,48.71496],[-85.601214,48.710053],[-85.611426,48.713606],[-85.619766,48.714665],[-85.629135,48.723957],[-85.651726,48.724512],[-85.656687,48.72347],[-85.67032,48.71706],[-85.6818,48.716559],[-85.693567,48.720224],[-85.708509,48.719114],[-85.727618,48.712298],[-85.79138,48.716837],[-85.840675,48.709065],[-85.850983,48.705045],[-85.865653,48.702089],[-85.896381,48.691131],[-85.929664,48.692074],[-85.939441,48.691082],[-85.962959,48.691198],[-85.982857,48.689518],[-86.002257,48.692033],[-86.017375,48.69042],[-86.032295,48.693612],[-86.048703,48.689384],[-86.094114,48.684504],[-86.107793,48.68625],[-86.139263,48.681663],[-86.183421,48.68206],[-86.222731,48.690136],[-86.233578,48.696182],[-86.257137,48.705755],[-86.293721,48.708198],[-86.303353,48.7076],[-86.320718,48.71187],[-86.324143,48.715011],[-86.33561,48.745121],[-86.351455,48.758538],[-86.367049,48.76386],[-86.376625,48.769634],[-86.385569,48.772786],[-86.394553,48.772644],[-86.423282,48.781149],[-86.429906,48.786427],[-86.435132,48.795071],[-86.43865,48.797103],[-86.453138,48.795904],[-86.469813,48.791178],[-86.480014,48.789542],[-86.493859,48.795109],[-86.498572,48.794878],[-86.503978,48.787975],[-86.510736,48.773367],[-86.518785,48.767149],[-86.532079,48.76293],[-86.552651,48.770866],[-86.573104,48.775981],[-86.577718,48.779317],[-86.591328,48.781504],[-86.602763,48.787971],[-86.612581,48.78947],[-86.624022,48.801572],[-86.627639,48.802281],[-86.645617,48.796342],[-86.649062,48.796262],[-86.651569,48.798042],[-86.653779,48.803428],[-86.659426,48.806027],[-86.667352,48.812239],[-86.675801,48.815844],[-86.686632,48.817835],[-86.7067,48.817375],[-86.747355,48.799857],[-86.757001,48.798888],[-86.766193,48.804665],[-86.77389,48.804113],[-86.806479,48.793557],[-86.823078,48.793242],[-86.834597,48.784785],[-86.848309,48.783886],[-86.868337,48.777416],[-86.887023,48.776816],[-86.894435,48.774805],[-86.901974,48.77574],[-86.918118,48.784289],[-86.941443,48.812287],[-86.943341,48.833081],[-86.941721,48.841362],[-86.94462,48.847583],[-86.952902,48.853461],[-86.968985,48.857173],[-86.981297,48.85346],[-87.006175,48.849395],[-87.027549,48.851443],[-87.034564,48.848841],[-87.041486,48.841355],[-87.053355,48.840423],[-87.072083,48.832506],[-87.082552,48.81851],[-87.083204,48.800806],[-87.097061,48.783541],[-87.099903,48.78191],[-87.105076,48.782004],[-87.117256,48.786337],[-87.129221,48.785902],[-87.156977,48.789565],[-87.218694,48.793126],[-87.222772,48.794584],[-87.227711,48.799882],[-87.2322,48.801699],[-87.255458,48.798681],[-87.262207,48.811282],[-87.280985,48.818049],[-87.289962,48.816268],[-87.328626,48.82515],[-87.346747,48.828049],[-87.350661,48.82763],[-87.359558,48.824013],[-87.367274,48.82339],[-87.378362,48.82705],[-87.388341,48.827853],[-87.39164,48.82983],[-87.396838,48.838943],[-87.400739,48.840594],[-87.411153,48.8382],[-87.419363,48.840527],[-87.433934,48.839214],[-87.474943,48.840834],[-87.504392,48.836525],[-87.509328,48.836864],[-87.516931,48.839331],[-87.52075,48.842282],[-87.52322,48.847821],[-87.520548,48.858637],[-87.528594,48.866292],[-87.5369,48.871714],[-87.537701,48.87752],[-87.540087,48.879831],[-87.553317,48.882576],[-87.594752,48.879995],[-87.60569,48.886694],[-87.627773,48.89308],[-87.634493,48.899052],[-87.649204,48.902362],[-87.653697,48.906888],[-87.657554,48.908548],[-87.663607,48.908109],[-87.671146,48.902434],[-87.675139,48.901034],[-87.689481,48.904062],[-87.703551,48.903194],[-87.717218,48.907545],[-87.734286,48.910964],[-87.751547,48.918032],[-87.770232,48.92058],[-87.78161,48.926595],[-87.787255,48.928146],[-87.797273,48.927431],[-87.821841,48.920395],[-87.833062,48.920377],[-87.838358,48.921994],[-87.848285,48.930243],[-87.860716,48.932193],[-87.886838,48.942358],[-87.891151,48.942253],[-87.91463,48.935736],[-87.930494,48.937795],[-87.937761,48.94084],[-87.944306,48.946823],[-87.962945,48.957284],[-87.972615,48.959991],[-87.980063,48.967027],[-87.989686,48.969364],[-87.995925,48.975265],[-88.008514,48.980202],[-88.0207,48.987976],[-88.022669,48.990666],[-88.023274,48.99819],[-88.015946,49.006243],[-88.015475,49.008958],[-88.035167,49.021793],[-88.052649,49.021945],[-88.067306,49.023564],[-88.071571,49.022787],[-88.07506,49.019669],[-88.076571,49.009804],[-88.078973,49.005149],[-88.082009,49.003285],[-88.090322,49.001528],[-88.11021,49.007273],[-88.115374,49.007061],[-88.125567,49.002482],[-88.12954,49.002209],[-88.13628,49.005202],[-88.147568,49.005495],[-88.18099,49.014873],[-88.198437,49.012993],[-88.220722,49.017752],[-88.24061,49.02033],[-88.273413,49.018564],[-88.298077,49.02235],[-88.302817,49.021064],[-88.323727,49.00795],[-88.328533,48.997186],[-88.334751,48.988888],[-88.33656,48.966949],[-88.339074,48.960299],[-88.348339,48.95231],[-88.363116,48.945832],[-88.367108,48.942075],[-88.36808,48.915334],[-88.375084,48.905472],[-88.409468,48.895536],[-88.420934,48.890276],[-88.429246,48.884706],[-88.45468,48.880703],[-88.476396,48.87964],[-88.519347,48.852479],[-88.521153,48.849572],[-88.521782,48.83989],[-88.539427,48.810932],[-88.540802,48.794605],[-88.571861,48.762272],[-88.581731,48.739693],[-88.593085,48.727795],[-88.600364,48.722764],[-88.614561,48.720263],[-88.620931,48.716647],[-88.627515,48.706189],[-88.634629,48.684569],[-88.647046,48.670563],[-88.671498,48.656852],[-88.682185,48.65236],[-88.691195,48.649794],[-88.702684,48.650394],[-88.715169,48.646898],[-88.728243,48.645615],[-88.738024,48.641428],[-88.751959,48.629089],[-88.76412,48.620923],[-88.801204,48.583322],[-88.834742,48.569766],[-88.856586,48.566628],[-88.897102,48.554656],[-88.918519,48.545622],[-88.976613,48.526928],[-89.021008,48.517295],[-89.049982,48.505399],[-89.092094,48.501775],[-89.113441,48.505729],[-89.11887,48.505536],[-89.165097,48.484767],[-89.18522,48.483491],[-89.192079,48.481361],[-89.225541,48.461864],[-89.225489,48.453152],[-89.228018,48.452081],[-89.228035,48.446465],[-89.238345,48.429619],[-89.238431,48.42077],[-89.245554,48.410951],[-89.24551,48.406696],[-89.223455,48.40641],[-89.224487,48.386613],[-89.239647,48.379996],[-89.24002,48.373437],[-89.230473,48.373471],[-89.230468,48.375558],[-89.230473,48.373471],[-89.24002,48.373437],[-89.239212,48.380472],[-89.224735,48.386275],[-89.223383,48.394191],[-89.223455,48.40641],[-89.240743,48.406592],[-89.236902,48.415251],[-89.228774,48.427026],[-89.238374,48.4292],[-89.23313,48.438057],[-89.245847,48.441054],[-89.251756,48.450662],[-89.262995,48.455115],[-89.269453,48.459793],[-89.287336,48.465494],[-89.301753,48.471972],[-89.314712,48.475455],[-89.319517,48.479641],[-89.336725,48.488056],[-89.379558,48.491398],[-89.389175,48.490101],[-89.395755,48.493572],[-89.407171,48.496537],[-89.432659,48.497035],[-89.449219,48.50524],[-89.465723,48.508577],[-89.481387,48.513782],[-89.500523,48.513809],[-89.507474,48.519362],[-89.518866,48.524759],[-89.535883,48.526018],[-89.559356,48.535945],[-89.582911,48.532647],[-89.599972,48.537238],[-89.614991,48.532102],[-89.630238,48.53198],[-89.641889,48.534592],[-89.649194,48.53426],[-89.652602,48.538251],[-89.662183,48.540522],[-89.672619,48.545452],[-89.676837,48.545805],[-89.685358,48.542876],[-89.69251,48.542716],[-89.701681,48.548353],[-89.723031,48.55212],[-89.731183,48.555518],[-89.742091,48.556079],[-89.763012,48.564949],[-89.7881,48.573018],[-89.80334,48.574696],[-89.818149,48.581656],[-89.835437,48.584222],[-89.841409,48.586657],[-89.850799,48.586836],[-89.881446,48.591257],[-89.893144,48.594747],[-89.895999,48.596926],[-89.897995,48.621763],[-89.893137,48.641027],[-89.892447,48.694308],[-89.881191,48.740764],[-89.876974,48.768802],[-89.898272,48.80325],[-89.918073,48.815772],[-89.923845,48.824147],[-89.934696,48.832383],[-89.942285,48.843314],[-89.981936,48.875522],[-90.026164,48.902219],[-90.132186,48.93595],[-90.205183,48.948317],[-90.301476,48.960697],[-90.318345,48.965574],[-90.365746,48.983654],[-90.383746,48.989217],[-90.411978,49.005346],[-90.436465,49.016904],[-90.463194,49.032895],[-90.469171,49.043522],[-90.469667,49.048217],[-90.4736,49.050728],[-90.572946,49.050799],[-90.581832,49.051603],[-90.606105,49.048762],[-90.619137,49.046071],[-90.649862,49.048162],[-90.663395,49.056214],[-90.67985,49.063442],[-90.688712,49.081355],[-90.70016,49.090525],[-90.706506,49.097542],[-90.711389,49.11432],[-90.729175,49.127195],[-90.745202,49.133452],[-90.817047,49.150667],[-90.84047,49.15901],[-90.842454,49.162189],[-90.842712,49.177252],[-90.852095,49.18379],[-90.861317,49.187169],[-90.870154,49.193205],[-90.88814,49.218524],[-90.89273,49.222444],[-90.901691,49.227075],[-90.915059,49.227758],[-90.956906,49.222247],[-90.963941,49.225328],[-90.965934,49.230977],[-90.968881,49.233152],[-91.035119,49.246142],[-91.062711,49.249397],[-91.077114,49.241779],[-91.08451,49.241418],[-91.107013,49.251654],[-91.123654,49.255368],[-91.149907,49.263912],[-91.18828,49.257973],[-91.210984,49.259847],[-91.221617,49.262628],[-91.254216,49.266313],[-91.267086,49.270046],[-91.275833,49.279524],[-91.295662,49.286876],[-91.308224,49.295673],[-91.327613,49.304307],[-91.359669,49.307702],[-91.396951,49.319464],[-91.404726,49.324283],[-91.444639,49.331062],[-91.472435,49.339024],[-91.48147,49.34405],[-91.494777,49.345403],[-91.520023,49.351194],[-91.560169,49.369529],[-91.573027,49.372857],[-91.599423,49.388673],[-91.604051,49.393346],[-91.616718,49.400962],[-91.636762,49.406155],[-91.652455,49.415788],[-91.675997,49.418379],[-91.684555,49.430514],[-91.689758,49.433722],[-91.72128,49.437324],[-91.733064,49.433509],[-91.738314,49.433176],[-91.743787,49.435508],[-91.756719,49.451039],[-91.764119,49.453872],[-91.779811,49.453539],[-91.807057,49.45779],[-91.825525,49.457329],[-91.837267,49.454908],[-91.860447,49.458964],[-91.874057,49.459881],[-91.889765,49.4636],[-91.898189,49.463692],[-91.909595,49.465637],[-91.935621,49.471982],[-91.961054,49.484894],[-91.975132,49.485935],[-91.983846,49.485361],[-92.005257,49.488628],[-92.028313,49.498382],[-92.054532,49.505497],[-92.081258,49.521701],[-92.091501,49.522988],[-92.123087,49.535521],[-92.129041,49.53619],[-92.14715,49.533813],[-92.152487,49.53422],[-92.162114,49.539585],[-92.182423,49.545407],[-92.187818,49.548976],[-92.204355,49.555485],[-92.219364,49.559251],[-92.227972,49.564922],[-92.245444,49.566997],[-92.259517,49.574283],[-92.264076,49.584387],[-92.270332,49.58806],[-92.287981,49.587954],[-92.307229,49.582985],[-92.334083,49.583925],[-92.342951,49.583024],[-92.398399,49.593036],[-92.410483,49.59422],[-92.429607,49.606384],[-92.442733,49.611871],[-92.44445,49.617306],[-92.439824,49.629908],[-92.441958,49.641579],[-92.445266,49.643994],[-92.455711,49.64759],[-92.467817,49.647927],[-92.474642,49.652155],[-92.482553,49.662238],[-92.492236,49.670471],[-92.492745,49.685195],[-92.495252,49.688561],[-92.501796,49.691231],[-92.51163,49.689808],[-92.522914,49.690301],[-92.532191,49.692657],[-92.55129,49.693945],[-92.568928,49.69838],[-92.584864,49.706939],[-92.596262,49.717356],[-92.60258,49.720288],[-92.610926,49.73173],[-92.619489,49.739434],[-92.647838,49.753496],[-92.656307,49.759127],[-92.673118,49.761747],[-92.6867,49.767877],[-92.700145,49.783092],[-92.703367,49.784896],[-92.844917,49.786796],[-92.847225,49.78832],[-92.847416,49.812042],[-92.84938,49.814292],[-92.8524,49.815088],[-93.202914,49.814994],[-93.245746,49.811367],[-93.293107,49.825523],[-93.32355,49.839356],[-93.339909,49.84395],[-93.368338,49.854935],[-93.392202,49.860811],[-93.403061,49.859947],[-93.419239,49.856354],[-93.42726,49.852503],[-93.440634,49.840877],[-93.460059,49.838984],[-93.47296,49.834201],[-93.484576,49.827785],[-93.501268,49.824387],[-93.507459,49.818127],[-93.521631,49.814334],[-93.527244,49.815443],[-93.541621,49.825007],[-93.55103,49.827398],[-93.561704,49.833648],[-93.568852,49.835146],[-93.579673,49.834212],[-93.595808,49.828949],[-93.631107,49.828636],[-93.642902,49.830582],[-93.663796,49.837363],[-93.669745,49.838261],[-93.707869,49.833559],[-93.720698,49.835822],[-93.752737,49.833915],[-93.78247,49.838814],[-93.811226,49.838831],[-93.823814,49.841377],[-93.834206,49.839936],[-93.839523,49.841795],[-93.844286,49.847769],[-93.849018,49.849506],[-93.853405,49.849024],[-93.863839,49.845178],[-93.875608,49.845279],[-93.887087,49.841711],[-93.903264,49.84405],[-93.917796,49.844545],[-93.927817,49.838442],[-93.937312,49.836108],[-93.945576,49.835573],[-93.962365,49.828077],[-93.985671,49.826127],[-94.012744,49.808427],[-94.031293,49.804728],[-94.043625,49.793977],[-94.059241,49.789464],[-94.066321,49.784155],[-94.080021,49.778622],[-94.086413,49.772518],[-94.092088,49.770441],[-94.104276,49.770209],[-94.110879,49.767447],[-94.120431,49.767337],[-94.126286,49.760534],[-94.135154,49.756148],[-94.141879,49.756388],[-94.147024,49.761428],[-94.150935,49.763008],[-94.161995,49.760964],[-94.172507,49.762711],[-94.184166,49.756818],[-94.194013,49.754144],[-94.203642,49.754468],[-94.21812,49.75213],[-94.221662,49.749467],[-94.22981,49.732974],[-94.248863,49.726447],[-94.252795,49.726638],[-94.259336,49.729014],[-94.275873,49.73047],[-94.284517,49.732533],[-94.304047,49.733219],[-94.304859,49.730921],[-94.308285,49.728813],[-94.331434,49.725887],[-94.342022,49.728949],[-94.343492,49.731414],[-94.342084,49.736747],[-94.343201,49.739486],[-94.354676,49.744372],[-94.366991,49.743957],[-94.374461,49.746513],[-94.386402,49.747108],[-94.414108,49.751343],[-94.423066,49.750055],[-94.431064,49.747276],[-94.437467,49.747421],[-94.448961,49.751614],[-94.457245,49.759812],[-94.470964,49.759876],[-94.472123,49.757988],[-94.470964,49.759876],[-94.476337,49.760913],[-94.477567,49.765266],[-94.48484,49.765252],[-94.48496,49.766542],[-94.490072,49.767702],[-94.490841,49.770056],[-94.494962,49.770898],[-94.50609,49.765562],[-94.513431,49.767742],[-94.518994,49.766534],[-94.53045,49.76082],[-94.538037,49.758811],[-94.565463,49.75739],[-94.582121,49.7549],[-94.590239,49.751802],[-94.609054,49.747837],[-94.632553,49.746889],[-94.641594,49.744849],[-94.645765,49.746197],[-94.655167,49.739465],[-94.718123,49.717867],[-94.730239,49.71893],[-94.751249,49.71618],[-94.769613,49.715317],[-94.781782,49.716532],[-94.803388,49.713679],[-94.825507,49.717128],[-94.832379,49.71588],[-94.839375,49.711808],[-94.8491,49.711344],[-94.875653,49.717547],[-94.887818,49.72246],[-94.898384,49.720566],[-94.930577,49.721591],[-94.964878,49.72804],[-94.986124,49.727169],[-95.011458,49.73091],[-95.034278,49.729258],[-95.047879,49.730082],[-95.064515,49.732535],[-95.084053,49.738886],[-95.102814,49.743367],[-95.109782,49.743273],[-95.124827,49.740627],[-95.150881,49.740011],[-95.1789,49.737558],[-95.224878,49.736619],[-95.251166,49.728366],[-95.26539,49.708828],[-95.269052,49.70637],[-95.283213,49.703867],[-95.37064,49.679998],[-95.377829,49.676616],[-95.397532,49.66267],[-95.454473,49.644865],[-95.536598,49.635381],[-95.693852,49.635425],[-95.701007,49.637066],[-95.715696,49.646627],[-95.722518,49.648707],[-95.793312,49.648846],[-95.834358,49.650142],[-95.972721,49.649421],[-95.992163,49.653725],[-96.013472,49.656187],[-96.0291,49.659545],[-96.077991,49.66294],[-96.103156,49.667554],[-96.112388,49.666732],[-96.143603,49.65749],[-96.151957,49.656234],[-96.222783,49.658536],[-96.247152,49.656226],[-96.259402,49.656215],[-96.321346,49.663131],[-96.54897,49.663349],[-96.554166,49.664485],[-96.751948,49.74351],[-96.940617,49.822198],[-96.951467,49.830101],[-96.966287,49.83567],[-96.975524,49.836666],[-96.989582,49.842507],[-97.006921,49.854055],[-97.011851,49.855784],[-97.025803,49.855136],[-97.049658,49.856054],[-97.050164,49.840459],[-97.085004,49.840506],[-97.139663,49.822777],[-97.153937,49.81917],[-97.162719,49.818185],[-97.189251,49.81015],[-97.193252,49.811803],[-97.209129,49.829243],[-97.208591,49.841785],[-97.219128,49.842352],[-97.219336,49.839167],[-97.218975,49.842302],[-97.228576,49.845161],[-97.283661,49.840194],[-97.366383,49.837049],[-97.364579,49.858048],[-97.362425,49.860122],[-97.371488,49.862349],[-97.398303,49.863429],[-97.404894,49.866961],[-97.402795,49.875975],[-97.47552,49.882637],[-97.502376,49.887878],[-97.526879,49.886798],[-97.65174,49.887328],[-98.081971,49.966987],[-98.103024,49.972395],[-98.212924,49.975044],[-98.220867,49.976076],[-98.229865,49.973716],[-98.240462,49.96154],[-98.263701,49.958247],[-98.293534,49.946836],[-98.297807,49.94618],[-98.351181,49.96215],[-98.355251,49.964861],[-98.360958,49.972478],[-98.369849,49.975015],[-98.768564,49.975276],[-98.818749,49.961942],[-98.839277,49.960317],[-98.922358,49.96016],[-98.961655,49.950071],[-98.987832,49.94711],[-98.996014,49.943151],[-99.024656,49.919233],[-99.059059,49.903957],[-99.068539,49.901937],[-99.121942,49.901912],[-99.146733,49.903367],[-99.179563,49.901459],[-99.517107,49.901659],[-99.545481,49.903643],[-99.568099,49.901538],[-99.705829,49.901258],[-99.757864,49.887717],[-99.764797,49.886853],[-100.061455,49.886864],[-100.068517,49.885069],[-100.148718,49.843056],[-100.262886,49.84221],[-100.27826,49.837139],[-100.293628,49.836096],[-100.310916,49.830505],[-100.334059,49.829675],[-100.375279,49.813218],[-100.427771,49.784996],[-100.4351,49.783844],[-100.469321,49.783328],[-100.474982,49.781043],[-100.484129,49.773998],[-100.490939,49.771877],[-100.533744,49.769612],[-100.601872,49.769183],[-100.631398,49.774768],[-100.636827,49.774269],[-100.65279,49.76934],[-100.706992,49.769326],[-100.765409,49.782496],[-100.790463,49.792576],[-100.833613,49.800455],[-100.920725,49.856776],[-100.965665,49.871869],[-101.02311,49.89882],[-101.04363,49.905603],[-101.127913,49.939037],[-101.167973,49.946],[-101.182315,49.946334],[-101.18829,49.9476],[-101.213301,49.961279],[-101.233167,49.980652],[-101.238905,49.983983],[-101.260179,49.987183],[-101.279176,49.997197],[-101.304959,50.008355],[-101.325151,50.012781],[-101.344549,50.018862],[-101.35914,50.030277],[-101.383108,50.033998],[-101.428749,50.05245],[-101.457283,50.061823],[-101.516085,50.078196],[-101.542775,50.090282],[-101.575262,50.107928],[-101.63006,50.126013],[-101.653496,50.147133],[-101.665963,50.153293],[-101.685576,50.159232],[-101.72671,50.179848],[-101.773166,50.205866],[-101.79722,50.211195],[-101.924228,50.253402],[-101.945514,50.257573],[-101.971091,50.268656],[-101.99666,50.270776],[-102.070698,50.295353],[-102.091877,50.301781],[-102.111038,50.305016],[-102.12829,50.311758],[-102.17303,50.314471],[-102.228824,50.32522],[-102.251094,50.336427],[-102.288309,50.338818],[-102.340228,50.353959],[-102.395739,50.361611],[-102.416832,50.367935],[-102.445113,50.368387],[-102.478957,50.372582],[-102.566872,50.379533],[-102.59036,50.385191],[-102.59551,50.384781],[-102.611052,50.37937],[-102.61806,50.378251],[-102.633783,50.380482],[-102.684345,50.381803],[-102.859289,50.403918],[-102.931329,50.40409],[-102.959516,50.411995],[-103.272478,50.412219],[-103.279044,50.415049],[-103.288515,50.425762],[-103.293433,50.428535],[-103.504328,50.493715],[-103.566529,50.517044],[-103.64168,50.525716],[-103.69068,50.524787],[-103.712354,50.527841],[-103.930682,50.527478],[-103.955626,50.523518],[-104.040496,50.519812],[-104.063033,50.514482],[-104.109717,50.513462],[-104.136819,50.508722],[-104.251079,50.493046],[-104.343655,50.448021],[-104.565043,50.447229],[-104.562191,50.441274],[-104.563308,50.437571],[-104.581231,50.416195],[-104.599128,50.39886],[-104.60515,50.396838],[-104.639261,50.397185],[-104.643483,50.398355],[-104.6441,50.402032],[-104.649176,50.40238],[-104.648235,50.40409],[-104.650034,50.404081],[-104.650044,50.405386],[-104.644097,50.405383],[-104.644437,50.399018],[-104.6486,50.396966],[-105.135304,50.396887],[-105.152554,50.393225],[-105.169548,50.391477],[-105.173435,50.392437],[-105.17748,50.39618],[-105.181509,50.396904],[-105.439332,50.396875],[-105.464714,50.393169],[-105.492077,50.398737],[-105.513412,50.418535],[-105.545377,50.425743],[-105.723415,50.425987],[-105.732673,50.427158],[-105.820552,50.455258],[-105.860185,50.476597],[-105.89067,50.483827],[-106.024324,50.463234],[-106.140543,50.463287],[-106.17789,50.461651],[-106.331732,50.463851],[-106.43578,50.462855],[-106.452048,50.464894],[-106.460531,50.463736],[-106.491466,50.462884],[-106.512473,50.466044],[-106.570057,50.466857],[-106.628245,50.463394],[-106.651624,50.457265],[-106.672951,50.454073],[-106.741849,50.46703],[-106.790159,50.478597],[-106.802338,50.480468],[-106.843708,50.482024],[-106.847652,50.480929],[-106.867612,50.465309],[-106.882962,50.458023],[-106.900001,50.443291],[-106.952681,50.413979],[-106.95738,50.412557],[-107.019489,50.41242],[-107.04056,50.409393],[-107.073638,50.412105],[-107.110416,50.424431],[-107.137163,50.426707],[-107.190765,50.426755],[-107.203886,50.425825],[-107.219261,50.421779],[-107.243615,50.41806],[-107.298364,50.39053],[-107.43682,50.390242],[-107.472128,50.387123],[-107.502521,50.3769],[-107.580987,50.360857],[-107.595129,50.356363],[-107.613974,50.355132],[-107.645065,50.350235],[-107.68384,50.339182],[-107.710521,50.326665],[-107.725859,50.323136],[-107.805224,50.295066],[-107.817865,50.287459],[-107.872998,50.286672],[-107.900577,50.291958],[-107.929564,50.291465],[-107.939211,50.290113],[-107.960211,50.284263],[-108.007127,50.260078],[-108.166339,50.211755],[-108.21503,50.192854],[-108.257893,50.168435],[-108.284076,50.157393],[-108.345692,50.144496],[-108.409356,50.138968],[-108.427381,50.134319],[-108.462679,50.117557],[-108.482955,50.102206],[-108.544774,50.084861],[-108.55913,50.078279],[-108.582891,50.070683],[-108.787911,50.070237],[-108.816439,50.067537],[-108.860009,50.06939],[-108.864504,50.068247],[-108.886016,50.056717],[-108.916926,50.048506],[-108.968189,50.047385],[-109.028463,50.030702],[-109.048194,50.027242],[-109.076196,50.01633],[-109.122115,50.005064],[-109.212119,50.004112],[-109.345256,49.982312],[-109.496063,49.982656],[-109.542967,49.975385],[-109.664975,49.975475],[-109.709994,49.962018],[-109.717107,49.961293],[-109.822174,49.961286],[-109.858919,49.964762],[-109.897607,49.959503],[-109.988567,49.960812],[-109.996956,49.959172],[-110.012728,49.95191],[-110.054814,49.93953],[-110.122738,49.940862],[-110.162802,49.937632],[-110.229138,49.950378],[-110.296224,49.95769],[-110.340216,49.956043],[-110.385883,49.975041],[-110.421902,49.983044],[-110.445909,49.982865],[-110.518292,49.975012],[-110.560006,49.974824],[-110.590981,49.967526],[-110.599209,49.968355],[-110.639552,49.998218],[-110.65505,50.003132],[-110.665586,50.005091],[-110.684058,50.012917],[-110.689133,50.015868],[-110.698431,50.024571],[-110.707306,50.024371],[-110.707307,50.02242],[-110.707412,50.027297],[-110.705283,50.02954],[-110.707257,50.033002],[-110.720955,50.04565],[-110.741365,50.056548],[-110.744238,50.064732],[-110.747529,50.067431],[-110.956298,50.158233],[-110.986203,50.167508],[-111.071689,50.189984],[-111.164719,50.217516],[-111.193376,50.229307],[-111.617302,50.4753],[-111.703963,50.504923],[-111.784863,50.53079],[-111.979956,50.635118],[-112.087599,50.655844],[-112.190339,50.688689],[-112.304188,50.731671],[-112.31136,50.732637],[-112.341981,50.732679],[-112.350321,50.734658],[-112.39935,50.764324],[-112.402912,50.768151],[-112.407389,50.77793],[-112.410768,50.78086],[-112.416982,50.782717],[-112.434915,50.783361],[-112.443178,50.786974],[-112.450556,50.798318],[-112.452401,50.81898],[-112.456217,50.822611],[-112.473073,50.832916],[-112.481335,50.834129],[-112.808054,50.83445],[-112.815289,50.836476],[-112.851143,50.861533],[-112.857707,50.863686],[-113.01467,50.863835],[-113.022319,50.865099],[-113.070997,50.906896],[-113.073943,50.91093],[-113.074223,51.031005],[-113.075928,51.034137],[-113.080214,51.036304],[-113.091356,51.037916],[-113.797374,51.037919],[-113.802747,51.039041],[-113.806878,51.041646],[-113.811968,51.049405],[-113.813141,51.061114],[-113.816927,51.064636],[-113.822658,51.066639],[-113.974881,51.067113],[-113.980771,51.068318],[-113.982032,51.052552],[-113.999987,51.045415],[-114.007048,51.045723],[-114.016672,51.049119],[-114.024982,51.04753],[-114.035722,51.047957],[-114.050687,51.051174],[-114.054673,51.049173],[-114.073591,51.049641],[-114.073902,51.044909],[-114.06805,51.044731],[-114.067823,51.047584],[-114.08976,51.048184],[-114.092742,51.046991],[-114.102171,51.047343],[-114.117323,51.041893],[-114.13542,51.041726],[-114.141409,51.045305],[-114.163696,51.052545],[-114.164678,51.060287],[-114.168502,51.064688],[-114.184469,51.073159],[-114.188944,51.079031],[-114.188125,51.081332],[-114.188587,51.08032],[-114.204851,51.082303],[-114.231084,51.088514],[-114.437971,51.088708],[-114.456519,51.086684],[-114.532377,51.087804],[-114.550019,51.093326],[-114.567104,51.090831],[-114.575348,51.091195],[-114.648897,51.11324],[-114.733572,51.147073],[-114.754734,51.160307],[-114.763364,51.162324],[-114.778108,51.161346],[-114.78823,51.15929],[-114.816758,51.150353],[-114.863832,51.146121],[-114.887513,51.140762],[-114.958954,51.128265],[-115.049702,51.092399],[-115.053812,51.088888],[-115.056201,51.080249],[-115.058897,51.077197],[-115.086039,51.067096],[-115.092091,51.066673],[-115.118218,51.069938],[-115.136315,51.061506],[-115.143488,51.054952],[-115.162105,51.049982],[-115.182421,51.047706],[-115.188312,51.05018],[-115.192758,51.054227],[-115.199283,51.055212],[-115.216045,51.050793],[-115.238557,51.040827],[-115.271613,51.038955],[-115.281869,51.041762],[-115.318045,51.05782],[-115.339629,51.086062],[-115.349065,51.094753],[-115.347836,51.096104],[-115.347023,51.095448],[-115.343112,51.090467],[-115.347872,51.088376],[-115.357518,51.097043],[-115.35499,51.097163],[-115.357518,51.097043],[-115.369738,51.107607],[-115.367145,51.110914],[-115.368576,51.11028],[-115.387909,51.125377],[-115.403432,51.131611],[-115.409703,51.137771],[-115.43033,51.151288],[-115.442518,51.162989],[-115.453257,51.167409],[-115.466299,51.169887],[-115.471788,51.17536],[-115.484024,51.182525],[-115.499651,51.199055],[-115.517848,51.202564],[-115.529953,51.208752],[-115.534406,51.209155],[-115.538122,51.207996],[-115.550444,51.196425],[-115.571508,51.1917],[-115.610031,51.180218],[-115.636215,51.177214],[-115.645641,51.174986],[-115.682236,51.157462],[-115.700758,51.158495],[-115.719415,51.162502],[-115.79546,51.218723],[-115.826965,51.226556],[-115.843141,51.232758],[-115.858413,51.240813],[-115.882778,51.24761],[-115.893034,51.254727],[-115.946478,51.268494],[-115.976173,51.282977],[-115.995743,51.288214],[-116.037031,51.319493],[-116.052575,51.328767],[-116.057066,51.334094],[-116.07434,51.346106],[-116.08946,51.352926],[-116.099897,51.359921],[-116.108053,51.371887],[-116.137383,51.394787],[-116.155223,51.400684],[-116.169162,51.413605],[-116.175247,51.428383],[-116.19062,51.433442],[-116.19689,51.439537],[-116.203734,51.442361],[-116.225222,51.442261],[-116.237415,51.444563],[-116.248759,51.445153],[-116.259031,51.454291],[-116.267875,51.458339],[-116.271949,51.45788],[-116.282574,51.453648],[-116.309738,51.451823],[-116.330595,51.446984],[-116.339568,51.442981],[-116.35324,51.440789],[-116.360708,51.437115],[-116.384126,51.436465],[-116.393588,51.431915],[-116.413244,51.430582],[-116.428921,51.420924],[-116.445322,51.419363],[-116.480774,51.404407],[-116.494062,51.397288],[-116.503842,51.384326],[-116.511881,51.380031],[-116.513993,51.372405],[-116.520916,51.36804],[-116.532375,51.357232],[-116.55497,51.330499],[-116.558465,51.328596],[-116.570793,51.326012],[-116.574744,51.322855],[-116.580056,51.305753],[-116.579645,51.297792],[-116.582487,51.291415],[-116.582789,51.281942],[-116.596979,51.272441],[-116.598194,51.270238],[-116.590302,51.262675],[-116.586592,51.250978],[-116.579836,51.244648],[-116.58063,51.237012],[-116.573077,51.222224],[-116.580824,51.21707],[-116.593993,51.218321],[-116.609065,51.222836],[-116.619915,51.222752],[-116.641469,51.232275],[-116.665766,51.246446],[-116.677755,51.25],[-116.68901,51.25505],[-116.702628,51.258553],[-116.729163,51.261018],[-116.752769,51.271683],[-116.766762,51.274558],[-116.784768,51.281228],[-116.793481,51.28193],[-116.805929,51.278598],[-116.81066,51.27891],[-116.825166,51.287506],[-116.843088,51.2911],[-116.863827,51.299083],[-116.874809,51.305885],[-116.890513,51.304764],[-116.911882,51.29838],[-116.928788,51.29879],[-116.948439,51.302064],[-116.96273,51.300717],[-116.965152,51.306706],[-116.972339,51.312998],[-116.975494,51.322036],[-116.990291,51.332556],[-117.001261,51.34974],[-117.015763,51.36601],[-117.020566,51.373468],[-117.020737,51.377689],[-117.028996,51.394018],[-117.061402,51.427906],[-117.092856,51.445787],[-117.096183,51.449002],[-117.127683,51.468128],[-117.1604,51.484705],[-117.169311,51.486582],[-117.180864,51.484342],[-117.186379,51.484546],[-117.205912,51.492174],[-117.223244,51.496109],[-117.226738,51.493738],[-117.227882,51.488719],[-117.217888,51.479114],[-117.219534,51.476268],[-117.224886,51.474792],[-117.259906,51.486594],[-117.295606,51.493921],[-117.35316,51.480444],[-117.364313,51.480339],[-117.39687,51.49287],[-117.424105,51.508628],[-117.436747,51.512145],[-117.442782,51.511477],[-117.449642,51.505366],[-117.460895,51.502315],[-117.473248,51.4895],[-117.482343,51.475718],[-117.476969,51.440193],[-117.47921,51.432956],[-117.475289,51.426085],[-117.470206,51.407244],[-117.448299,51.38684],[-117.452847,51.378917],[-117.439232,51.361851],[-117.434262,51.345572],[-117.440396,51.335973],[-117.446473,51.329796],[-117.46618,51.324424],[-117.491801,51.319372],[-117.511314,51.314206],[-117.51473,51.312213],[-117.520022,51.305421],[-117.519842,51.299063],[-117.513489,51.286762],[-117.513459,51.282044],[-117.507846,51.273489],[-117.50389,51.271074],[-117.504227,51.269518],[-117.511855,51.268141],[-117.53955,51.259287],[-117.551857,51.262274],[-117.564247,51.261754],[-117.581122,51.258403],[-117.597721,51.251872],[-117.610207,51.250722],[-117.616064,51.248162],[-117.629253,51.245482],[-117.636147,51.245955],[-117.647805,51.240901],[-117.66251,51.237054],[-117.670007,51.229299],[-117.688495,51.216462],[-117.701136,51.212362],[-117.719139,51.20938],[-117.72621,51.206418],[-117.735184,51.205727],[-117.743728,51.202729],[-117.750522,51.187735],[-117.785309,51.168122],[-117.801485,51.1612],[-117.813203,51.158091],[-117.820064,51.15421],[-117.834797,51.151814],[-117.839479,51.144885],[-117.858479,51.138932],[-117.869777,51.139069],[-117.879942,51.137255],[-117.882338,51.134796],[-117.883276,51.128115],[-117.88649,51.125363],[-117.88739,51.119399],[-117.897436,51.11319],[-117.928203,51.080002],[-117.926476,51.073033],[-117.931336,51.068989],[-117.935997,51.053473],[-117.966985,51.04213],[-117.991505,51.040823],[-118.081204,51.017038],[-118.100994,51.009078],[-118.112689,51.00678],[-118.121992,51.000336],[-118.129594,50.997681],[-118.134728,50.994009],[-118.141901,50.992025],[-118.1535,50.992621],[-118.169456,50.999769],[-118.188005,51.000049],[-118.198139,51.00623],[-118.204256,51.00713],[-118.209231,51.010428],[-118.213766,51.010396],[-118.224155,51.003686],[-118.232263,51.002554],[-118.238979,50.999747],[-118.24597,50.993939],[-118.259483,50.991831],[-118.272749,50.991233],[-118.292723,50.985733],[-118.303997,50.979937],[-118.313365,50.979921],[-118.320657,50.978044],[-118.332214,50.97248],[-118.338637,50.971155],[-118.35458,50.970881],[-118.361333,50.966866],[-118.373597,50.962882],[-118.385186,50.962542],[-118.400341,50.957193],[-118.407106,50.95068],[-118.424479,50.943595],[-118.431364,50.937277],[-118.460331,50.928861],[-118.473052,50.927695],[-118.481671,50.931376],[-118.484477,50.935401],[-118.481015,50.946057],[-118.483529,50.950459],[-118.489569,50.952676],[-118.492032,50.955573],[-118.498386,50.9591],[-118.50702,50.967916],[-118.518998,50.971869],[-118.524784,50.976229],[-118.530232,50.977322],[-118.546775,50.974933],[-118.553142,50.97581],[-118.562822,50.97376],[-118.571937,50.969815],[-118.59018,50.971205],[-118.603614,50.97415],[-118.6161,50.981526],[-118.62656,50.984359],[-118.653717,51.001347],[-118.667239,51.003425],[-118.67805,51.00177],[-118.690268,50.997649],[-118.719232,50.982896],[-118.72584,50.973529],[-118.735415,50.96434],[-118.775367,50.946586],[-118.793223,50.930745],[-118.796003,50.923104],[-118.8181,50.900731],[-118.834022,50.890624],[-118.840772,50.888856],[-118.853869,50.888607],[-118.866945,50.891792],[-118.912349,50.882372],[-118.923294,50.874584],[-118.929016,50.864597],[-118.942741,50.856012],[-118.949097,50.848814],[-118.964868,50.838804],[-118.974762,50.837936],[-118.984735,50.839712],[-119.007947,50.831034],[-119.017406,50.830049],[-119.032595,50.822998],[-119.055978,50.80665],[-119.061595,50.805307],[-119.070649,50.797625],[-119.073749,50.79269],[-119.079947,50.78946],[-119.086052,50.788755],[-119.114742,50.790801],[-119.126101,50.794893],[-119.129444,50.794105],[-119.133601,50.790031],[-119.144334,50.789377],[-119.165161,50.784428],[-119.182085,50.773121],[-119.202068,50.764846],[-119.213456,50.755021],[-119.22634,50.747049],[-119.227408,50.713552],[-119.231501,50.709042],[-119.236881,50.707257],[-119.264394,50.706974],[-119.270388,50.702547],[-119.278398,50.702249],[-119.285132,50.699874],[-119.292841,50.699456],[-119.310075,50.692757],[-119.325264,50.692869],[-119.329146,50.694469],[-119.331017,50.696983],[-119.330373,50.70245],[-119.31843,50.714914],[-119.315683,50.730576],[-119.322554,50.740838],[-119.323116,50.746851],[-119.32545,50.750488],[-119.32537,50.757359],[-119.337476,50.766225],[-119.340562,50.774159],[-119.339632,50.777879],[-119.329261,50.787504],[-119.325188,50.802588],[-119.320119,50.808616],[-119.320095,50.827365],[-119.331086,50.844398],[-119.346151,50.850346],[-119.366632,50.85589],[-119.384168,50.86995],[-119.387133,50.874003],[-119.395359,50.878887],[-119.407024,50.879498],[-119.43418,50.877027],[-119.471375,50.876916],[-119.502118,50.883511],[-119.517691,50.89249],[-119.532162,50.892109],[-119.534775,50.888288],[-119.542501,50.884693],[-119.55855,50.880518],[-119.566547,50.877181],[-119.571458,50.872855],[-119.576644,50.872075],[-119.596295,50.863282],[-119.605185,50.853548],[-119.644756,50.832708],[-119.649133,50.830892],[-119.670486,50.826558],[-119.699051,50.805988],[-119.702913,50.791445],[-119.710452,50.786381],[-119.716071,50.778436],[-119.727702,50.768809],[-119.74186,50.762944],[-119.750402,50.753558],[-119.757835,50.740608],[-119.762811,50.736826],[-119.767427,50.725348],[-119.788761,50.711838],[-119.795727,50.701992],[-119.810925,50.693038],[-119.817832,50.684792],[-119.835146,50.674505],[-119.854428,50.668919],[-119.880202,50.653499],[-119.90669,50.64539],[-119.91818,50.644506],[-119.962379,50.650719],[-119.98584,50.64749],[-119.997628,50.647333],[-120.008,50.650348],[-120.027256,50.653198],[-120.057164,50.6543],[-120.066078,50.653514],[-120.106174,50.659616],[-120.120379,50.659543],[-120.129169,50.662681],[-120.153486,50.667629],[-120.177041,50.669761],[-120.200493,50.66932],[-120.213301,50.67194],[-120.221778,50.671069],[-120.26936,50.680604],[-120.286797,50.677889],[-120.297623,50.67317],[-120.312667,50.67316],[-120.316372,50.674322],[-120.314939,50.676033],[-120.301986,50.673893],[-120.304827,50.669985],[-120.316473,50.663475],[-120.324135,50.661901],[-120.354923,50.661615],[-120.360812,50.659094],[-120.364534,50.65478],[-120.374424,50.652728],[-120.389074,50.656128],[-120.395147,50.660034],[-120.417905,50.665591],[-120.448469,50.666762],[-120.457263,50.665241],[-120.483465,50.652579],[-120.486626,50.646345],[-120.484652,50.63647],[-120.472093,50.620115],[-120.477616,50.592846],[-120.463162,50.577985],[-120.45972,50.572198],[-120.451343,50.566013],[-120.449157,50.55835],[-120.450327,50.553309],[-120.460199,50.54218],[-120.478485,50.532121],[-120.489533,50.508481],[-120.501022,50.494737],[-120.516409,50.489948],[-120.55911,50.484125],[-120.587739,50.464844],[-120.591331,50.459592],[-120.593382,50.445451],[-120.613649,50.427223],[-120.620537,50.418112],[-120.622915,50.40962],[-120.625236,50.378534],[-120.627745,50.366632],[-120.626852,50.350288],[-120.641839,50.307752],[-120.636231,50.29747],[-120.633141,50.278698],[-120.626058,50.268992],[-120.631019,50.259902],[-120.629261,50.234814],[-120.630872,50.230607],[-120.644005,50.222457],[-120.648083,50.211039],[-120.654093,50.204455],[-120.663852,50.198124],[-120.67684,50.193637],[-120.681773,50.183992],[-120.691209,50.178966],[-120.698059,50.171371],[-120.704818,50.168277],[-120.723966,50.146291],[-120.739254,50.136192],[-120.743274,50.12923],[-120.759748,50.121157],[-120.760732,50.115041],[-120.749208,50.100711],[-120.749887,50.087375],[-120.754385,50.083434],[-120.783845,50.072389],[-120.788537,50.069461],[-120.797193,50.053104],[-120.806965,50.044318],[-120.808583,50.038656],[-120.818356,50.030904],[-120.821487,50.01889],[-120.826464,50.017112],[-120.843636,50.017822],[-120.857682,50.015731],[-120.867513,50.012474],[-120.871778,50.006879],[-120.891501,49.992239],[-120.895595,49.985392],[-120.903288,49.980805],[-120.914414,49.969379],[-120.915247,49.963063],[-120.907676,49.952751],[-120.905056,49.944835],[-120.906587,49.935991],[-120.911482,49.924692],[-120.911268,49.918048],[-120.909573,49.915144],[-120.90353,49.910774],[-120.904169,49.903407],[-120.900043,49.884877],[-120.916201,49.873372],[-120.919254,49.864866],[-120.916424,49.857794],[-120.916853,49.854168],[-120.928656,49.845278],[-120.933331,49.837241],[-120.933909,49.831743],[-120.93837,49.827206],[-120.939533,49.821164],[-120.948881,49.809518],[-120.955718,49.803068],[-120.968505,49.795709],[-120.972475,49.787726],[-120.990665,49.774922],[-120.995119,49.767432],[-121.003057,49.759647],[-121.009455,49.756],[-121.011862,49.752168],[-121.01379,49.720557],[-121.012423,49.715128],[-121.016733,49.708159],[-121.011224,49.696573],[-121.013511,49.691999],[-121.015286,49.674432],[-121.012958,49.66253],[-121.004987,49.653217],[-121.002198,49.644006],[-121.003314,49.640722],[-121.010748,49.633535],[-121.019181,49.629287],[-121.037023,49.622961],[-121.053852,49.609654],[-121.08661,49.592906],[-121.094939,49.59202],[-121.108846,49.595487],[-121.124187,49.595652],[-121.13675,49.599352],[-121.157682,49.596967],[-121.162229,49.594839],[-121.165677,49.587312],[-121.182014,49.573942],[-121.183464,49.566157],[-121.190311,49.556957],[-121.196988,49.542372],[-121.204619,49.532186],[-121.207124,49.520871],[-121.198988,49.508155],[-121.202038,49.500069],[-121.205719,49.496506],[-121.21077,49.494582],[-121.226454,49.495685],[-121.244277,49.493494],[-121.248901,49.489278],[-121.253186,49.47983],[-121.254721,49.462995],[-121.261006,49.453724],[-121.280696,49.442066],[-121.300524,49.439358],[-121.307895,49.435171],[-121.312018,49.42306],[-121.317416,49.415899],[-121.317697,49.409089],[-121.315749,49.402303],[-121.319765,49.395056],[-121.318868,49.382606],[-121.32033,49.379878],[-121.323743,49.378812],[-121.338641,49.379082],[-121.346468,49.377521],[-121.355795,49.379587],[-121.362858,49.377788],[-121.36516,49.375566],[-121.365041,49.372852],[-121.357288,49.368466],[-121.355755,49.366174],[-121.356809,49.363359],[-121.361199,49.36178],[-121.396266,49.366901],[-121.414107,49.372249],[-121.424729,49.371254],[-121.433113,49.373266],[-121.439398,49.373454],[-121.447454,49.371542],[-121.456857,49.366145],[-121.487159,49.364754],[-121.512386,49.361586],[-121.525034,49.365074],[-121.561328,49.362755],[-121.578829,49.355539],[-121.627417,49.318433],[-121.645382,49.301909],[-121.652298,49.299352],[-121.658568,49.294097],[-121.668342,49.289625],[-121.671982,49.276044],[-121.67612,49.270718],[-121.676248,49.26082],[-121.681189,49.25384],[-121.678497,49.240991],[-121.693155,49.21692],[-121.703905,49.213239],[-121.710559,49.207405],[-121.719627,49.203868],[-121.742224,49.189591],[-121.772608,49.176481],[-121.799136,49.160371],[-121.809514,49.160536],[-121.819942,49.155919],[-121.826443,49.154817],[-121.919421,49.155254],[-121.966942,49.143827],[-122.018824,49.144589],[-122.071492,49.136658],[-122.086227,49.126652],[-122.100778,49.120976],[-122.126238,49.088843],[-122.173237,49.060181],[-122.228338,49.03556],[-122.238696,49.03381],[-122.264865,49.033472],[-122.336588,49.037401],[-122.377205,49.056282],[-122.614719,49.149635],[-122.790052,49.195747],[-122.809591,49.212141],[-122.814791,49.22351],[-122.820359,49.227166],[-122.877991,49.234504],[-122.895969,49.244266],[-122.903338,49.24621],[-122.910075,49.24535],[-122.927383,49.236854],[-122.945532,49.237442],[-122.966614,49.24321],[-122.978261,49.25545],[-122.982047,49.257395],[-123.005582,49.258087],[-123.00391,49.259068],[-123.007712,49.258081],[-123.019859,49.258806],[-123.02519,49.262569],[-123.031416,49.276378],[-123.031738,49.285821],[-123.026114,49.291773],[-123.028017,49.311289],[-123.037744,49.3158],[-123.045158,49.324871],[-123.05161,49.32739],[-123.057472,49.331613],[-123.119919,49.332621],[-123.129118,49.337371],[-123.146221,49.33871],[-123.156256,49.343181],[-123.184465,49.344706],[-123.191612,49.347301],[-123.21371,49.346206],[-123.231012,49.348923],[-123.241255,49.349142],[-123.253081,49.3524],[-123.253638,49.358224],[-123.256274,49.360383],[-123.262924,49.362041],[-123.274612,49.361468],[-123.275899,49.368558]]}},{"type":"Feature","properties":{"kind":"ferry-return","name":"BC Ferries · Horseshoe Bay → Departure Bay","mode":"ferry"},"geometry":{"type":"LineString","coordinates":[[-123.2758982,49.3685581],[-123.9537888,49.1912971]]}}]}